--  POLICY table --

INSERT INTO POLICY (POL_ID,
                    POL_NUMBER,
                    POL_TITLE,
                    POL_VERSION_NUMBER,
                    POL_STORAGE_LINK,
                    POL_NOTES)
VALUES (1,
       'Policy 1',
       'University Non-discrimination Policy',
       3,
       NULL,
       'Waiting on federal regulations expected May 2023 to update. Sherri would like to combine this policy with the ADA accommodation policy at that time');

INSERT INTO POLICY (POL_ID, POL_NUMBER, POL_TITLE, POL_VERSION_NUMBER, POL_STORAGE_LINK, POL_NOTES) VALUES (2, "Policy 6-001 and related regulations", "Policy 6-001 and related regulations", 21, NULL, "Need to eventually change affiliated rule numbers to match University's naming convention");

INSERT INTO POLICY (POL_ID, POL_NUMBER, POL_TITLE, POL_VERSION_NUMBER, POL_STORAGE_LINK, POL_NOTES) VALUES (3, "Policy 3-100 and Related Regulations", "Policy 3-100 and Related Regulations", 10, NULL, NULL);

-- REGULATION_CLASSIFICATION Table
INSERT INTO REGULATION_CLASSIFICATION (REG_CLASSIFICATION_ID,
                                       REG_CLASSIFICATION_NAME)
VALUES (1, 'Rule'),
       (2, 'Procedure'),
       (3, 'Guideline'),
       (4, 'Policy');    


-- REGULATION table --

INSERT INTO REGULATION (REG_ID, REG_NUMBER, REG_TITLE, REG_VERSION_NUMBER, POL_ID, REG_CLASSIFICATION_ID, REG_STATUS, REG_EFFECTIVE_DATE, REG_METADATA, REG_LAST_REVIEW_DATE, REG_NOTES, REG_INTERIM_OR_FINAL, REG_EDITORIAL_REV_YN, REG_REV_FLAG_YN, REG_REV_FLAG_NOTES, REG_WEBSITE_LINK, IS_REG_BEING_REVISED, REG_STORAGE_LINK, DIRECT_DOCUMENT_LINK) VALUES (1, "Policy 1-012", "University Non-discrimination Policy", 3, 1, 4, 'Active', '2020-08-14', NULL, NULL, "Waiting on federal regulations expected May 2023 to update. Sherri would like to combine this policy with the ADA accomodation policy at that time", "Interim", 1, 1, NULL, NULL, 1, NULL, NULL);

INSERT INTO REGULATION (REG_ID, REG_NUMBER, REG_TITLE, REG_VERSION_NUMBER, POL_ID, REG_CLASSIFICATION_ID, REG_STATUS, REG_EFFECTIVE_DATE, REG_METADATA, REG_LAST_REVIEW_DATE, REG_NOTES, REG_INTERIM_OR_FINAL, REG_EDITORIAL_REV_YN, REG_REV_FLAG_YN, REG_REV_FLAG_NOTES, REG_WEBSITE_LINK, IS_REG_BEING_REVISED, REG_STORAGE_LINK, DIRECT_DOCUMENT_LINK) VALUES (2, "Rule 1-012", "Discrimination Complaint Rule", 1, 1, 1, 'Active', '2020-08-14', NULL, NULL, "Will need to be updated with new federal regulations", "Interim", 1, 1, NULL, NULL, 0, NULL, NULL);

INSERT INTO REGULATION (REG_ID, REG_NUMBER, REG_TITLE, REG_VERSION_NUMBER, POL_ID, REG_CLASSIFICATION_ID, REG_STATUS, REG_EFFECTIVE_DATE, REG_METADATA, REG_LAST_REVIEW_DATE, REG_NOTES, REG_INTERIM_OR_FINAL, REG_EDITORIAL_REV_YN, REG_REV_FLAG_YN, REG_REV_FLAG_NOTES, REG_WEBSITE_LINK, IS_REG_BEING_REVISED, REG_STORAGE_LINK, DIRECT_DOCUMENT_LINK) VALUES (3, "Rule R1-012A", "Discrimination Complaint Process Rule", 2, 1, 1, 'Active', '2022-03-16', NULL, NULL, "Will need to be updated with new federal regulations - talked with Jess Morrison about combining with Rule 1-012B. Note this version was done as a revision to an interim revision. Academic Senate leadership was notified by memo, but the version was not presented to the executive committee or full senate", "Interim", 0, 1, NULL, NULL, 0, NULL, NULL);

INSERT INTO REGULATION (REG_ID, REG_NUMBER, REG_TITLE, REG_VERSION_NUMBER, POL_ID, REG_CLASSIFICATION_ID, REG_STATUS, REG_EFFECTIVE_DATE, REG_METADATA, REG_LAST_REVIEW_DATE, REG_NOTES, REG_INTERIM_OR_FINAL, REG_EDITORIAL_REV_YN, REG_REV_FLAG_YN, REG_REV_FLAG_NOTES, REG_WEBSITE_LINK, IS_REG_BEING_REVISED, REG_STORAGE_LINK, DIRECT_DOCUMENT_LINK) VALUES (4, "Rule R1-012B", "Sexual Misconduct Complaint Process Rule", 3, 1, 1, 'Active', '2022-03-16', NULL, NULL, "Will need to be updated with new federal regulations - talked with Jess Morrison about combining with Rule 1-012B. Note this version was done as a revision to an interim revision. Academic Senate leadership was notified by memo, but the version was not presented to the executive committee or full senate", "Interim", 1, 1, NULL, NULL, 0, NULL, NULL);

INSERT INTO REGULATION (REG_ID, REG_NUMBER, REG_TITLE, REG_VERSION_NUMBER, POL_ID, REG_CLASSIFICATION_ID, REG_STATUS, REG_EFFECTIVE_DATE, REG_METADATA, REG_LAST_REVIEW_DATE, REG_NOTES, REG_INTERIM_OR_FINAL, REG_EDITORIAL_REV_YN, REG_REV_FLAG_YN, REG_REV_FLAG_NOTES, REG_WEBSITE_LINK, IS_REG_BEING_REVISED, REG_STORAGE_LINK, DIRECT_DOCUMENT_LINK) VALUES (5, "P1-012A", "Discriminiation Hearing Procedure", NULL, 1, 2, 'Deleted', '2017-02-17', NULL, NULL, NULL, "Final", 0, 0, NULL, NULL, 0, NULL, NULL);

INSERT INTO REGULATION (REG_ID, REG_NUMBER, REG_TITLE, REG_VERSION_NUMBER, POL_ID, REG_CLASSIFICATION_ID, REG_STATUS, REG_EFFECTIVE_DATE, REG_METADATA, REG_LAST_REVIEW_DATE, REG_NOTES, REG_INTERIM_OR_FINAL, REG_EDITORIAL_REV_YN, REG_REV_FLAG_YN, REG_REV_FLAG_NOTES, REG_WEBSITE_LINK, IS_REG_BEING_REVISED, REG_STORAGE_LINK, DIRECT_DOCUMENT_LINK) VALUES (6, "G1-012", "Guideline 1-012", NULL, 1, 3, 'Deleted', '2020-08-14', NULL, NULL, NULL, "Final", 0, 0, NULL, NULL, 0, NULL, NULL);

INSERT INTO REGULATION (REG_ID, REG_NUMBER, REG_TITLE, REG_VERSION_NUMBER, POL_ID, REG_CLASSIFICATION_ID, REG_STATUS, REG_EFFECTIVE_DATE, REG_METADATA, REG_LAST_REVIEW_DATE, REG_NOTES, REG_INTERIM_OR_FINAL, REG_EDITORIAL_REV_YN, REG_REV_FLAG_YN, REG_REV_FLAG_NOTES, REG_WEBSITE_LINK, IS_REG_BEING_REVISED, REG_STORAGE_LINK, DIRECT_DOCUMENT_LINK) VALUES (7, "G1-012A", "Guideline 1-012A: Consent", NULL, 1, 3, 'Active', '2020-05-05', NULL, NULL, NULL, "Final", 0, 0, NULL, NULL, 0, NULL, NULL);

INSERT INTO REGULATION (REG_ID, REG_NUMBER, REG_TITLE, REG_VERSION_NUMBER, POL_ID, REG_CLASSIFICATION_ID, REG_STATUS, REG_EFFECTIVE_DATE, REG_METADATA, REG_LAST_REVIEW_DATE, REG_NOTES, REG_INTERIM_OR_FINAL, REG_EDITORIAL_REV_YN, REG_REV_FLAG_YN, REG_REV_FLAG_NOTES, REG_WEBSITE_LINK, IS_REG_BEING_REVISED, REG_STORAGE_LINK, DIRECT_DOCUMENT_LINK) VALUES (8, "G1-012B:", "Procedure Advisor", 0, 1, 3, 'Active', '2021-03-24', NULL, NULL, "Approved by General Counsel and Vice Presdient Phyllis Vetter March 24, 2021", "Final", 0, 0, NULL, NULL, 0, NULL, NULL);

INSERT INTO REGULATION (REG_ID, REG_NUMBER, REG_TITLE, REG_VERSION_NUMBER, POL_ID, REG_CLASSIFICATION_ID, REG_STATUS, REG_EFFECTIVE_DATE, REG_METADATA, REG_LAST_REVIEW_DATE, REG_NOTES, REG_INTERIM_OR_FINAL, REG_EDITORIAL_REV_YN, REG_REV_FLAG_YN, REG_REV_FLAG_NOTES, REG_WEBSITE_LINK, IS_REG_BEING_REVISED, REG_STORAGE_LINK, DIRECT_DOCUMENT_LINK) VALUES (9, "Policy 6-001", "Academic Units and Academic Governance - Roles of Faculties, Committees, Councils, and Academic Senate", 21, 2, 4, 'Active', '2022-02-08', NULL, NULL, "Need to eventually change affiliated rule numbers to match University's naming convention", "Final", 0, 0, NULL, NULL, 0, NULL, NULL);

INSERT INTO REGULATION (REG_ID, REG_NUMBER, REG_TITLE, REG_VERSION_NUMBER, POL_ID, REG_CLASSIFICATION_ID, REG_STATUS, REG_EFFECTIVE_DATE, REG_METADATA, REG_LAST_REVIEW_DATE, REG_NOTES, REG_INTERIM_OR_FINAL, REG_EDITORIAL_REV_YN, REG_REV_FLAG_YN, REG_REV_FLAG_NOTES, REG_WEBSITE_LINK, IS_REG_BEING_REVISED, REG_STORAGE_LINK, DIRECT_DOCUMENT_LINK) VALUES (10, "R6-001CMP", "CMP -- Curriculum Management Plans of Academic Units", 0, 2, 1, 'Active', '2021-07-01', NULL, NULL, "Need to change rule number to match naming convention.", "Final", 0, 0, NULL, NULL, 0, NULL, NULL);

INSERT INTO REGULATION (REG_ID, REG_NUMBER, REG_TITLE, REG_VERSION_NUMBER, POL_ID, REG_CLASSIFICATION_ID, REG_STATUS, REG_EFFECTIVE_DATE, REG_METADATA, REG_LAST_REVIEW_DATE, REG_NOTES, REG_INTERIM_OR_FINAL, REG_EDITORIAL_REV_YN, REG_REV_FLAG_YN, REG_REV_FLAG_NOTES, REG_WEBSITE_LINK, IS_REG_BEING_REVISED, REG_STORAGE_LINK, DIRECT_DOCUMENT_LINK) VALUES (11, "R6-001UACI", "University Academic Centers and Institutes", 0, 2, 1, 'Active', '2021-07-01', NULL, NULL, "Some issues with implementation. Probably need to follow-up with the Grad school to see if changes are needed", "Final", 0, 1, NULL, NULL, 0, NULL, NULL);

INSERT INTO REGULATION (REG_ID, REG_NUMBER, REG_TITLE, REG_VERSION_NUMBER, POL_ID, REG_CLASSIFICATION_ID, REG_STATUS, REG_EFFECTIVE_DATE, REG_METADATA, REG_LAST_REVIEW_DATE, REG_NOTES, REG_INTERIM_OR_FINAL, REG_EDITORIAL_REV_YN, REG_REV_FLAG_YN, REG_REV_FLAG_NOTES, REG_WEBSITE_LINK, IS_REG_BEING_REVISED, REG_STORAGE_LINK, DIRECT_DOCUMENT_LINK) VALUES (12, "Guideline ", "Preparing a Currriculum Management Plan", NULL, 2, 3, 'Active', '2018-02-13', NULL, NULL, "Need to check with office of curriculum administration to see if this is the most current version", "Final", 0, 0, NULL, NULL, 0, NULL, NULL);

INSERT INTO REGULATION (REG_ID, REG_NUMBER, REG_TITLE, REG_VERSION_NUMBER, POL_ID, REG_CLASSIFICATION_ID, REG_STATUS, REG_EFFECTIVE_DATE, REG_METADATA, REG_LAST_REVIEW_DATE, REG_NOTES, REG_INTERIM_OR_FINAL, REG_EDITORIAL_REV_YN, REG_REV_FLAG_YN, REG_REV_FLAG_NOTES, REG_WEBSITE_LINK, IS_REG_BEING_REVISED, REG_STORAGE_LINK, DIRECT_DOCUMENT_LINK) VALUES (13, "Policy 3-100", "University Procurement", 10, 3, 4, 'Active', '2022-04-12', NULL, NULL, NULL, "Final", 0, 0, NULL, NULL, 0, NULL, NULL);

INSERT INTO REGULATION (REG_ID, REG_NUMBER, REG_TITLE, REG_VERSION_NUMBER, POL_ID, REG_CLASSIFICATION_ID, REG_STATUS, REG_EFFECTIVE_DATE, REG_METADATA, REG_LAST_REVIEW_DATE, REG_NOTES, REG_INTERIM_OR_FINAL, REG_EDITORIAL_REV_YN, REG_REV_FLAG_YN, REG_REV_FLAG_NOTES, REG_WEBSITE_LINK, IS_REG_BEING_REVISED, REG_STORAGE_LINK, DIRECT_DOCUMENT_LINK) VALUES (14, "R3-100A", "Solicitation by Suppliers", 0, 3, 1, 'Deleted', '2022-04-12', NULL, NULL, "Deleted as part of revisions to Policy 3-100 in 2022", "Final", 0, 0, NULL, NULL, 0, NULL, NULL);

INSERT INTO REGULATION (REG_ID, REG_NUMBER, REG_TITLE, REG_VERSION_NUMBER, POL_ID, REG_CLASSIFICATION_ID, REG_STATUS, REG_EFFECTIVE_DATE, REG_METADATA, REG_LAST_REVIEW_DATE, REG_NOTES, REG_INTERIM_OR_FINAL, REG_EDITORIAL_REV_YN, REG_REV_FLAG_YN, REG_REV_FLAG_NOTES, REG_WEBSITE_LINK, IS_REG_BEING_REVISED, REG_STORAGE_LINK, DIRECT_DOCUMENT_LINK) VALUES (15, "R3-100B", "Solicitation of Bids, Proposals, Design Professional Services, Approved Vendor Lists, Sole Source Purchases, and the Award of Procurement Contracts", 1, 3, 1, 'Active', '2022-04-12', NULL, NULL, NULL, "Final", 0, 0, NULL, NULL, 0, NULL, NULL);

INSERT INTO REGULATION (REG_ID, REG_NUMBER, REG_TITLE, REG_VERSION_NUMBER, POL_ID, REG_CLASSIFICATION_ID, REG_STATUS, REG_EFFECTIVE_DATE, REG_METADATA, REG_LAST_REVIEW_DATE, REG_NOTES, REG_INTERIM_OR_FINAL, REG_EDITORIAL_REV_YN, REG_REV_FLAG_YN, REG_REV_FLAG_NOTES, REG_WEBSITE_LINK, IS_REG_BEING_REVISED, REG_STORAGE_LINK, DIRECT_DOCUMENT_LINK) VALUES (16, "R3-100C", "Requisition Use", 1, 3, 1, 'Active', '2022-04-12', NULL, NULL, NULL, "Final", 0, 0, NULL, NULL, 0, NULL, NULL);

INSERT INTO REGULATION (REG_ID, REG_NUMBER, REG_TITLE, REG_VERSION_NUMBER, POL_ID, REG_CLASSIFICATION_ID, REG_STATUS, REG_EFFECTIVE_DATE, REG_METADATA, REG_LAST_REVIEW_DATE, REG_NOTES, REG_INTERIM_OR_FINAL, REG_EDITORIAL_REV_YN, REG_REV_FLAG_YN, REG_REV_FLAG_NOTES, REG_WEBSITE_LINK, IS_REG_BEING_REVISED, REG_STORAGE_LINK, DIRECT_DOCUMENT_LINK) VALUES (17, "R3-100D", "Delegations and Small Purchases", 1, 3, 1, 'Active', '2022-04-12', NULL, NULL, NULL, "Final", 0, 0, NULL, NULL, 0, NULL, NULL);

INSERT INTO REGULATION (REG_ID, REG_NUMBER, REG_TITLE, REG_VERSION_NUMBER, POL_ID, REG_CLASSIFICATION_ID, REG_STATUS, REG_EFFECTIVE_DATE, REG_METADATA, REG_LAST_REVIEW_DATE, REG_NOTES, REG_INTERIM_OR_FINAL, REG_EDITORIAL_REV_YN, REG_REV_FLAG_YN, REG_REV_FLAG_NOTES, REG_WEBSITE_LINK, IS_REG_BEING_REVISED, REG_STORAGE_LINK, DIRECT_DOCUMENT_LINK) VALUES (18, "R3-100E", "Restricted Purchases and Special Procurement", 1, 3, 1, 'Active', '2022-04-12', NULL, NULL, NULL, "Final", 0, 0, NULL, NULL, 0, NULL, NULL);

INSERT INTO REGULATION (REG_ID, REG_NUMBER, REG_TITLE, REG_VERSION_NUMBER, POL_ID, REG_CLASSIFICATION_ID, REG_STATUS, REG_EFFECTIVE_DATE, REG_METADATA, REG_LAST_REVIEW_DATE, REG_NOTES, REG_INTERIM_OR_FINAL, REG_EDITORIAL_REV_YN, REG_REV_FLAG_YN, REG_REV_FLAG_NOTES, REG_WEBSITE_LINK, IS_REG_BEING_REVISED, REG_STORAGE_LINK, DIRECT_DOCUMENT_LINK) VALUES (19, "P3-100A", "Vendor Prepayments", 0, 3, 2, 'Deleted', '2022-04-12', NULL, NULL, "Instructions for prepayments were moved into R3-100E", "Final", 0, 0, NULL, NULL, 0, NULL, NULL);

INSERT INTO REGULATION (REG_ID, REG_NUMBER, REG_TITLE, REG_VERSION_NUMBER, POL_ID, REG_CLASSIFICATION_ID, REG_STATUS, REG_EFFECTIVE_DATE, REG_METADATA, REG_LAST_REVIEW_DATE, REG_NOTES, REG_INTERIM_OR_FINAL, REG_EDITORIAL_REV_YN, REG_REV_FLAG_YN, REG_REV_FLAG_NOTES, REG_WEBSITE_LINK, IS_REG_BEING_REVISED, REG_STORAGE_LINK, DIRECT_DOCUMENT_LINK) VALUES (20, "P3-100B", "Conducting Business with Excluded Vendors", NULL, 3, 2, 'Active', NULL, NULL, NULL, NULL, "Final", 0, 0, NULL, NULL, 0, NULL, NULL);

INSERT INTO REGULATION (REG_ID, REG_NUMBER, REG_TITLE, REG_VERSION_NUMBER, POL_ID, REG_CLASSIFICATION_ID, REG_STATUS, REG_EFFECTIVE_DATE, REG_METADATA, REG_LAST_REVIEW_DATE, REG_NOTES, REG_INTERIM_OR_FINAL, REG_EDITORIAL_REV_YN, REG_REV_FLAG_YN, REG_REV_FLAG_NOTES, REG_WEBSITE_LINK, IS_REG_BEING_REVISED, REG_STORAGE_LINK, DIRECT_DOCUMENT_LINK) VALUES (21, "P3-100C", "Additional Exceptions to Procurement Requirements", NULL, 3, 2, NULL, NULL, NULL, NULL, "Approval date unclear", "Final", 0, 0, NULL, NULL, 0, NULL, NULL);

INSERT INTO REGULATION (REG_ID, REG_NUMBER, REG_TITLE, REG_VERSION_NUMBER, POL_ID, REG_CLASSIFICATION_ID, REG_STATUS, REG_EFFECTIVE_DATE, REG_METADATA, REG_LAST_REVIEW_DATE, REG_NOTES, REG_INTERIM_OR_FINAL, REG_EDITORIAL_REV_YN, REG_REV_FLAG_YN, REG_REV_FLAG_NOTES, REG_WEBSITE_LINK, IS_REG_BEING_REVISED, REG_STORAGE_LINK, DIRECT_DOCUMENT_LINK) VALUES (22, "P3-100D", "Gift Card Purchases and Requirements", 0, 3, 2, 'Active', '2022-01-15', NULL, NULL, NULL, "Final", 0, 0, NULL, NULL, 0, NULL, NULL);

INSERT INTO REGULATION (REG_ID, REG_NUMBER, REG_TITLE, REG_VERSION_NUMBER, POL_ID, REG_CLASSIFICATION_ID, REG_STATUS, REG_EFFECTIVE_DATE, REG_METADATA, REG_LAST_REVIEW_DATE, REG_NOTES, REG_INTERIM_OR_FINAL, REG_EDITORIAL_REV_YN, REG_REV_FLAG_YN, REG_REV_FLAG_NOTES, REG_WEBSITE_LINK, IS_REG_BEING_REVISED, REG_STORAGE_LINK, DIRECT_DOCUMENT_LINK) VALUES (23, "P3-100E", "Pre-Solicitation Market Research - Communication with Bendors", 0, 3, 2, 'Active', '2022-07-01', NULL, NULL, NULL, "Final", 0, 0, NULL, NULL, 0, NULL, NULL);

INSERT INTO REGULATION (REG_ID, REG_NUMBER, REG_TITLE, REG_VERSION_NUMBER, POL_ID, REG_CLASSIFICATION_ID, REG_STATUS, REG_EFFECTIVE_DATE, REG_METADATA, REG_LAST_REVIEW_DATE, REG_NOTES, REG_INTERIM_OR_FINAL, REG_EDITORIAL_REV_YN, REG_REV_FLAG_YN, REG_REV_FLAG_NOTES, REG_WEBSITE_LINK, IS_REG_BEING_REVISED, REG_STORAGE_LINK, DIRECT_DOCUMENT_LINK) VALUES (24, "P3-100F", "Procurement of Helium and Helium Requiring Equipment", 0, 3, 2, 'Active', '2022-07-01', NULL, NULL, NULL, "Final", 0, 0, NULL, NULL, 0, NULL, NULL);

INSERT INTO REGULATION (REG_ID, REG_NUMBER, REG_TITLE, REG_VERSION_NUMBER, POL_ID, REG_CLASSIFICATION_ID, REG_STATUS, REG_EFFECTIVE_DATE, REG_METADATA, REG_LAST_REVIEW_DATE, REG_NOTES, REG_INTERIM_OR_FINAL, REG_EDITORIAL_REV_YN, REG_REV_FLAG_YN, REG_REV_FLAG_NOTES, REG_WEBSITE_LINK, IS_REG_BEING_REVISED, REG_STORAGE_LINK, DIRECT_DOCUMENT_LINK) VALUES (25, "Policy 3-163", "Trademarks Licensing", 0, 3, 4, 'New Proposed', NULL, NULL, NULL, "Auxiliary Services is proposing a new trademark policy. ", "Final", 0, 0, NULL, NULL, 1, NULL, NULL);

INSERT INTO REGULATION (REG_ID, REG_NUMBER, REG_TITLE, REG_VERSION_NUMBER, POL_ID, REG_CLASSIFICATION_ID, REG_STATUS, REG_EFFECTIVE_DATE, REG_METADATA, REG_LAST_REVIEW_DATE, REG_NOTES, REG_INTERIM_OR_FINAL, REG_EDITORIAL_REV_YN, REG_REV_FLAG_YN, REG_REV_FLAG_NOTES, REG_WEBSITE_LINK, IS_REG_BEING_REVISED, REG_STORAGE_LINK, DIRECT_DOCUMENT_LINK) VALUES (26, "Rule 3-030D", "International Travel and Safety Insurance", 0, 3, 1, 'Active', '2018-05-01', NULL, NULL, NULL, "Final", 0, 0, NULL, NULL, 1, NULL, NULL);

-- CITATION_CLASSIFICATION table --
INSERT INTO CITATION_CLASSIFICATION (CITATION_CLASSIFICATION_ID,
                                     CITATION_CLASSIFICATION_NAME)
VALUES (1, 'Citations to USHE Policy'),
       (2, 'Citation to Utah law or Administrative Rules'),
       (3, 'Citation to federal law or regulations');

-- CITATION table --

INSERT INTO CITATION (CITATION_ID, CITATION_NAME, CITATION_STORAGE_LINK, CITATION_CLASSIFICATION_ID, REG_ID, CITATION_NOTES)
                                VALUES (1, "Policy R256: Student Disciplinary Processes", NULL, 1, 1, NULL);

INSERT INTO CITATION (CITATION_ID, CITATION_NAME, CITATION_STORAGE_LINK, CITATION_CLASSIFICATION_ID, REG_ID, CITATION_NOTES)
                                VALUES (2, "Policy R831: Minimum Requirements for Non-Faculty Staff Employment Grievances Policy", NULL, 1, 1, NULL);

INSERT INTO CITATION (CITATION_ID, CITATION_NAME, CITATION_STORAGE_LINK, CITATION_CLASSIFICATION_ID, REG_ID, CITATION_NOTES)
                                VALUES (3, "Policy R841: Minimum Requirements for Disciplinary Sanctions and Terminations of Staff Personnel", NULL, 1, 1, NULL);

INSERT INTO CITATION (CITATION_ID, CITATION_NAME, CITATION_STORAGE_LINK, CITATION_CLASSIFICATION_ID, REG_ID, CITATION_NOTES)
                                VALUES (4, "Utah Code Section 76-5-106.5", NULL, 2, 1, NULL);

INSERT INTO CITATION (CITATION_ID, CITATION_NAME, CITATION_STORAGE_LINK, CITATION_CLASSIFICATION_ID, REG_ID, CITATION_NOTES)
                                VALUES (5, "Utah Code Sections 76-5-402 through 405", NULL, 2, 1, NULL);

INSERT INTO CITATION (CITATION_ID, CITATION_NAME, CITATION_STORAGE_LINK, CITATION_CLASSIFICATION_ID, REG_ID, CITATION_NOTES)
                                VALUES (6, " Utah Code Section 76-5-406", NULL, 2, 1, NULL);

INSERT INTO CITATION (CITATION_ID, CITATION_NAME, CITATION_STORAGE_LINK, CITATION_CLASSIFICATION_ID, REG_ID, CITATION_NOTES)
                                VALUES (7, "Utah Code Title 76, Chapter 5b, Sexual Exploitation Act", NULL, 2, 1, NULL);

INSERT INTO CITATION (CITATION_ID, CITATION_NAME, CITATION_STORAGE_LINK, CITATION_CLASSIFICATION_ID, REG_ID, CITATION_NOTES)
                                VALUES (8, "Utah Code Section 77-36-1", NULL, 2, 1, NULL);

INSERT INTO CITATION (CITATION_ID, CITATION_NAME, CITATION_STORAGE_LINK, CITATION_CLASSIFICATION_ID, REG_ID, CITATION_NOTES)
                                VALUES (9, "Utah Code Section 78B-7-402", NULL, 2, 1, NULL);

INSERT INTO CITATION (CITATION_ID, CITATION_NAME, CITATION_STORAGE_LINK, CITATION_CLASSIFICATION_ID, REG_ID, CITATION_NOTES)
                                VALUES (10, "20 U.S.C. Sec. 1092", NULL, 3, 1, NULL);

INSERT INTO CITATION (CITATION_ID, CITATION_NAME, CITATION_STORAGE_LINK, CITATION_CLASSIFICATION_ID, REG_ID, CITATION_NOTES)
                                VALUES (11, "20 U.S.C. Sec. 1681 et seq.", NULL, 3, 1, NULL);

INSERT INTO CITATION (CITATION_ID, CITATION_NAME, CITATION_STORAGE_LINK, CITATION_CLASSIFICATION_ID, REG_ID, CITATION_NOTES)
                                VALUES (12, "29 U.SC. Sec. 794 et seq.", NULL, 3, 1, NULL);

INSERT INTO CITATION (CITATION_ID, CITATION_NAME, CITATION_STORAGE_LINK, CITATION_CLASSIFICATION_ID, REG_ID, CITATION_NOTES)
                                VALUES (13, "42 U.S.C. Sec. 2000d et seq.", NULL, 3, 1, NULL);

INSERT INTO CITATION (CITATION_ID, CITATION_NAME, CITATION_STORAGE_LINK, CITATION_CLASSIFICATION_ID, REG_ID, CITATION_NOTES)
                                VALUES (14, "42 U.S.C. Sec.2000e et. seq.", NULL, 3, 1, NULL);

INSERT INTO CITATION (CITATION_ID, CITATION_NAME, CITATION_STORAGE_LINK, CITATION_CLASSIFICATION_ID, REG_ID, CITATION_NOTES)
                                VALUES (15, "42 U.S.C. Sec. 6101 et seq.", NULL, 3, 1, NULL);

INSERT INTO CITATION (CITATION_ID, CITATION_NAME, CITATION_STORAGE_LINK, CITATION_CLASSIFICATION_ID, REG_ID, CITATION_NOTES)
                                VALUES (16, "42 U.S.C. Sec, 12112", NULL, 3, 1, NULL);

INSERT INTO CITATION (CITATION_ID, CITATION_NAME, CITATION_STORAGE_LINK, CITATION_CLASSIFICATION_ID, REG_ID, CITATION_NOTES)
                                VALUES (17, "42 U.S.C. Sec. 12132", NULL, 3, 1, NULL);

INSERT INTO CITATION (CITATION_ID, CITATION_NAME, CITATION_STORAGE_LINK, CITATION_CLASSIFICATION_ID, REG_ID, CITATION_NOTES)
                                VALUES (18, "42 U.S.C. Sec. 18116", NULL, 3, 1, NULL);

INSERT INTO CITATION (CITATION_ID, CITATION_NAME, CITATION_STORAGE_LINK, CITATION_CLASSIFICATION_ID, REG_ID, CITATION_NOTES)
                                VALUES (19, " 34 C.F.R. Sec. 668.46", NULL, 3, 1, NULL);

INSERT INTO CITATION (CITATION_ID, CITATION_NAME, CITATION_STORAGE_LINK, CITATION_CLASSIFICATION_ID, REG_ID, CITATION_NOTES)
                                VALUES (20, "Policy R256: Student Disciplinary Processes", NULL, 1, 2, NULL);

INSERT INTO CITATION (CITATION_ID, CITATION_NAME, CITATION_STORAGE_LINK, CITATION_CLASSIFICATION_ID, REG_ID, CITATION_NOTES)
                                VALUES (21, "Policy R831: Minimum Requirements for Non-Faculty Staff Employment Grievances Policy", NULL, 1, 2, NULL);

INSERT INTO CITATION (CITATION_ID, CITATION_NAME, CITATION_STORAGE_LINK, CITATION_CLASSIFICATION_ID, REG_ID, CITATION_NOTES)
                                VALUES (22, "Policy R841: Minimum Requirements for Disciplinary Sanctions and Terminations of Staff Personnel", NULL, 1, 2, NULL);

INSERT INTO CITATION (CITATION_ID, CITATION_NAME, CITATION_STORAGE_LINK, CITATION_CLASSIFICATION_ID, REG_ID, CITATION_NOTES)
                                VALUES (23, "Utah Code Section 76-5-106.5", NULL, 2, 2, NULL);

INSERT INTO CITATION (CITATION_ID, CITATION_NAME, CITATION_STORAGE_LINK, CITATION_CLASSIFICATION_ID, REG_ID, CITATION_NOTES)
                                VALUES (24, "Utah Code Sections 76-5-402 through 405", NULL, 2, 2, NULL);

INSERT INTO CITATION (CITATION_ID, CITATION_NAME, CITATION_STORAGE_LINK, CITATION_CLASSIFICATION_ID, REG_ID, CITATION_NOTES)
                                VALUES (25, " Utah Code Section 76-5-406", NULL, 2, 2, NULL);

INSERT INTO CITATION (CITATION_ID, CITATION_NAME, CITATION_STORAGE_LINK, CITATION_CLASSIFICATION_ID, REG_ID, CITATION_NOTES)
                                VALUES (26, "Utah Code Title 76, Chapter 5b, Sexual Exploitation Act", NULL, 2, 2, NULL);

INSERT INTO CITATION (CITATION_ID, CITATION_NAME, CITATION_STORAGE_LINK, CITATION_CLASSIFICATION_ID, REG_ID, CITATION_NOTES)
                                VALUES (27, "Utah Code Section 76-9-702.7", NULL, 2, 2, NULL);

INSERT INTO CITATION (CITATION_ID, CITATION_NAME, CITATION_STORAGE_LINK, CITATION_CLASSIFICATION_ID, REG_ID, CITATION_NOTES)
                                VALUES (28, "Utah Code Section 77-36-1", NULL, 2, 2, NULL);

INSERT INTO CITATION (CITATION_ID, CITATION_NAME, CITATION_STORAGE_LINK, CITATION_CLASSIFICATION_ID, REG_ID, CITATION_NOTES)
                                VALUES (29, "Utah Code Section 78B-7-402", NULL, 2, 2, NULL);

INSERT INTO CITATION (CITATION_ID, CITATION_NAME, CITATION_STORAGE_LINK, CITATION_CLASSIFICATION_ID, REG_ID, CITATION_NOTES)
                                VALUES (30, "20 U.S.C. § 1092(f)", NULL, 3, 2, NULL);

INSERT INTO CITATION (CITATION_ID, CITATION_NAME, CITATION_STORAGE_LINK, CITATION_CLASSIFICATION_ID, REG_ID, CITATION_NOTES)
                                VALUES (31, "20 U.S.C. § 1681 et seq.", NULL, 3, 2, NULL);

INSERT INTO CITATION (CITATION_ID, CITATION_NAME, CITATION_STORAGE_LINK, CITATION_CLASSIFICATION_ID, REG_ID, CITATION_NOTES)
                                VALUES (32, "29 U.S.C. § 794 et seq. 42 U.S.C. § 2000d et seq", NULL, 3, 2, NULL);

INSERT INTO CITATION (CITATION_ID, CITATION_NAME, CITATION_STORAGE_LINK, CITATION_CLASSIFICATION_ID, REG_ID, CITATION_NOTES)
                                VALUES (33, "42 U.S.C. § 2000e et seq", NULL, 3, 2, NULL);

INSERT INTO CITATION (CITATION_ID, CITATION_NAME, CITATION_STORAGE_LINK, CITATION_CLASSIFICATION_ID, REG_ID, CITATION_NOTES)
                                VALUES (34, "42 U.S.C. § 6101 et seq.", NULL, 3, 2, NULL);

INSERT INTO CITATION (CITATION_ID, CITATION_NAME, CITATION_STORAGE_LINK, CITATION_CLASSIFICATION_ID, REG_ID, CITATION_NOTES)
                                VALUES (35, "42 U.S.C. § 12112", NULL, 3, 2, NULL);

INSERT INTO CITATION (CITATION_ID, CITATION_NAME, CITATION_STORAGE_LINK, CITATION_CLASSIFICATION_ID, REG_ID, CITATION_NOTES)
                                VALUES (36, "42 U.S.C. § 12132", NULL, 3, 2, NULL);

INSERT INTO CITATION (CITATION_ID, CITATION_NAME, CITATION_STORAGE_LINK, CITATION_CLASSIFICATION_ID, REG_ID, CITATION_NOTES)
                                VALUES (37, "42 U.S.C. § 18116", NULL, 3, 2, NULL);

INSERT INTO CITATION (CITATION_ID, CITATION_NAME, CITATION_STORAGE_LINK, CITATION_CLASSIFICATION_ID, REG_ID, CITATION_NOTES)
                                VALUES (38, "34 C.F.R. § 668.46 Institutional Security Policies and Crime Statistics", NULL, 3, 2, NULL);

INSERT INTO CITATION (CITATION_ID, CITATION_NAME, CITATION_STORAGE_LINK, CITATION_CLASSIFICATION_ID, REG_ID, CITATION_NOTES)
                                VALUES (39, "Policy R256: Student Disciplinary Processes", NULL, 1, 3, NULL);

INSERT INTO CITATION (CITATION_ID, CITATION_NAME, CITATION_STORAGE_LINK, CITATION_CLASSIFICATION_ID, REG_ID, CITATION_NOTES)
                                VALUES (40, "Policy R831: Minimum Requirements for Non-Faculty Staff Employment Grievances Policy", NULL, 1, 3, NULL);

INSERT INTO CITATION (CITATION_ID, CITATION_NAME, CITATION_STORAGE_LINK, CITATION_CLASSIFICATION_ID, REG_ID, CITATION_NOTES)
                                VALUES (41, "Policy R841: Minimum Requirements for Disciplinary Sanctions and Terminations of Staff Personnel", NULL, 1, 3, NULL);

INSERT INTO CITATION (CITATION_ID, CITATION_NAME, CITATION_STORAGE_LINK, CITATION_CLASSIFICATION_ID, REG_ID, CITATION_NOTES)
                                VALUES (42, "Utah Code Section 76-5-106.5", NULL, 2, 3, NULL);

INSERT INTO CITATION (CITATION_ID, CITATION_NAME, CITATION_STORAGE_LINK, CITATION_CLASSIFICATION_ID, REG_ID, CITATION_NOTES)
                                VALUES (43, "Utah Code Sections 76-5-402 through 405", NULL, 2, 3, NULL);

INSERT INTO CITATION (CITATION_ID, CITATION_NAME, CITATION_STORAGE_LINK, CITATION_CLASSIFICATION_ID, REG_ID, CITATION_NOTES)
                                VALUES (44, " Utah Code Section 76-5-406", NULL, 2, 3, NULL);

INSERT INTO CITATION (CITATION_ID, CITATION_NAME, CITATION_STORAGE_LINK, CITATION_CLASSIFICATION_ID, REG_ID, CITATION_NOTES)
                                VALUES (45, "Utah Code Title 76, Chapter 5b, Sexual Exploitation Act", NULL, 2, 3, NULL);

INSERT INTO CITATION (CITATION_ID, CITATION_NAME, CITATION_STORAGE_LINK, CITATION_CLASSIFICATION_ID, REG_ID, CITATION_NOTES)
                                VALUES (46, "Utah Code Section 77-36-1", NULL, 2, 3, NULL);

INSERT INTO CITATION (CITATION_ID, CITATION_NAME, CITATION_STORAGE_LINK, CITATION_CLASSIFICATION_ID, REG_ID, CITATION_NOTES)
                                VALUES (47, "Utah Code Section 78B-7-402", NULL, 2, 3, NULL);

INSERT INTO CITATION (CITATION_ID, CITATION_NAME, CITATION_STORAGE_LINK, CITATION_CLASSIFICATION_ID, REG_ID, CITATION_NOTES)
                                VALUES (48, "20 U.S.C. § 1092(f)", NULL, 3, 3, NULL);

INSERT INTO CITATION (CITATION_ID, CITATION_NAME, CITATION_STORAGE_LINK, CITATION_CLASSIFICATION_ID, REG_ID, CITATION_NOTES)
                                VALUES (49, "20 U.S.C. § 1681 et seq.", NULL, 3, 3, NULL);

INSERT INTO CITATION (CITATION_ID, CITATION_NAME, CITATION_STORAGE_LINK, CITATION_CLASSIFICATION_ID, REG_ID, CITATION_NOTES)
                                VALUES (50, "29 U.S.C. § 794 et seq. 42 U.S.C. § 2000d et seq", NULL, 3, 3, NULL);

INSERT INTO CITATION (CITATION_ID, CITATION_NAME, CITATION_STORAGE_LINK, CITATION_CLASSIFICATION_ID, REG_ID, CITATION_NOTES)
                                VALUES (51, "42 U.S.C. § 2000e et seq", NULL, 3, 3, NULL);

INSERT INTO CITATION (CITATION_ID, CITATION_NAME, CITATION_STORAGE_LINK, CITATION_CLASSIFICATION_ID, REG_ID, CITATION_NOTES)
                                VALUES (52, "42 U.S.C. § 6101 et seq.", NULL, 3, 3, NULL);

INSERT INTO CITATION (CITATION_ID, CITATION_NAME, CITATION_STORAGE_LINK, CITATION_CLASSIFICATION_ID, REG_ID, CITATION_NOTES)
                                VALUES (53, "42 U.S.C. § 12112", NULL, 3, 3, NULL);

INSERT INTO CITATION (CITATION_ID, CITATION_NAME, CITATION_STORAGE_LINK, CITATION_CLASSIFICATION_ID, REG_ID, CITATION_NOTES)
                                VALUES (54, "42 U.S.C. § 12132", NULL, 3, 3, NULL);

INSERT INTO CITATION (CITATION_ID, CITATION_NAME, CITATION_STORAGE_LINK, CITATION_CLASSIFICATION_ID, REG_ID, CITATION_NOTES)
                                VALUES (55, "42 U.S.C. § 18116", NULL, 3, 3, NULL);

INSERT INTO CITATION (CITATION_ID, CITATION_NAME, CITATION_STORAGE_LINK, CITATION_CLASSIFICATION_ID, REG_ID, CITATION_NOTES)
                                VALUES (56, "34 C.F.R. § 668.46 Institutional Security Policies and Crime Statistics", NULL, 3, 3, NULL);

INSERT INTO CITATION (CITATION_ID, CITATION_NAME, CITATION_STORAGE_LINK, CITATION_CLASSIFICATION_ID, REG_ID, CITATION_NOTES)
                                VALUES (57, "Policy R256: Student Disciplinary Processes", NULL, 1, 4, NULL);

INSERT INTO CITATION (CITATION_ID, CITATION_NAME, CITATION_STORAGE_LINK, CITATION_CLASSIFICATION_ID, REG_ID, CITATION_NOTES)
                                VALUES (58, "Policy R831: Minimum Requirements for Non-Faculty Staff Employment Grievances Policy", NULL, 1, 4, NULL);

INSERT INTO CITATION (CITATION_ID, CITATION_NAME, CITATION_STORAGE_LINK, CITATION_CLASSIFICATION_ID, REG_ID, CITATION_NOTES)
                                VALUES (59, "Policy R841: Minimum Requirements for Disciplinary Sanctions and Terminations of Staff Personnel", NULL, 1, 4, NULL);

INSERT INTO CITATION (CITATION_ID, CITATION_NAME, CITATION_STORAGE_LINK, CITATION_CLASSIFICATION_ID, REG_ID, CITATION_NOTES)
                                VALUES (60, "Utah Code Section 76-5-106.5", NULL, 2, 4, NULL);

INSERT INTO CITATION (CITATION_ID, CITATION_NAME, CITATION_STORAGE_LINK, CITATION_CLASSIFICATION_ID, REG_ID, CITATION_NOTES)
                                VALUES (61, "Utah Code Sections 76-5-402 through 405", NULL, 2, 4, NULL);

INSERT INTO CITATION (CITATION_ID, CITATION_NAME, CITATION_STORAGE_LINK, CITATION_CLASSIFICATION_ID, REG_ID, CITATION_NOTES)
                                VALUES (62, " Utah Code Section 76-5-406", NULL, 2, 4, NULL);

INSERT INTO CITATION (CITATION_ID, CITATION_NAME, CITATION_STORAGE_LINK, CITATION_CLASSIFICATION_ID, REG_ID, CITATION_NOTES)
                                VALUES (63, "Utah Code Title 76, Chapter 5b, Sexual Exploitation Act", NULL, 2, 4, NULL);

INSERT INTO CITATION (CITATION_ID, CITATION_NAME, CITATION_STORAGE_LINK, CITATION_CLASSIFICATION_ID, REG_ID, CITATION_NOTES)
                                VALUES (64, "Utah Code Section 77-36-1", NULL, 2, 4, NULL);

INSERT INTO CITATION (CITATION_ID, CITATION_NAME, CITATION_STORAGE_LINK, CITATION_CLASSIFICATION_ID, REG_ID, CITATION_NOTES)
                                VALUES (65, "Utah Code Section 78B-7-402", NULL, 2, 4, NULL);

INSERT INTO CITATION (CITATION_ID, CITATION_NAME, CITATION_STORAGE_LINK, CITATION_CLASSIFICATION_ID, REG_ID, CITATION_NOTES)
                                VALUES (66, "20 U.S.C. § 1092(f)", NULL, 3, 4, NULL);

INSERT INTO CITATION (CITATION_ID, CITATION_NAME, CITATION_STORAGE_LINK, CITATION_CLASSIFICATION_ID, REG_ID, CITATION_NOTES)
                                VALUES (67, "20 U.S.C. § 1681 et seq.", NULL, 3, 4, NULL);

INSERT INTO CITATION (CITATION_ID, CITATION_NAME, CITATION_STORAGE_LINK, CITATION_CLASSIFICATION_ID, REG_ID, CITATION_NOTES)
                                VALUES (68, "29 U.S.C. § 794 et seq. 42 U.S.C. § 2000d et seq", NULL, 3, 4, NULL);

INSERT INTO CITATION (CITATION_ID, CITATION_NAME, CITATION_STORAGE_LINK, CITATION_CLASSIFICATION_ID, REG_ID, CITATION_NOTES)
                                VALUES (69, "42 U.S.C. § 2000e et seq", NULL, 3, 4, NULL);

INSERT INTO CITATION (CITATION_ID, CITATION_NAME, CITATION_STORAGE_LINK, CITATION_CLASSIFICATION_ID, REG_ID, CITATION_NOTES)
                                VALUES (70, "42 U.S.C. § 6101 et seq.", NULL, 3, 4, NULL);

INSERT INTO CITATION (CITATION_ID, CITATION_NAME, CITATION_STORAGE_LINK, CITATION_CLASSIFICATION_ID, REG_ID, CITATION_NOTES)
                                VALUES (71, "42 U.S.C. § 12112", NULL, 3, 4, NULL);

INSERT INTO CITATION (CITATION_ID, CITATION_NAME, CITATION_STORAGE_LINK, CITATION_CLASSIFICATION_ID, REG_ID, CITATION_NOTES)
                                VALUES (72, "42 U.S.C. § 12132", NULL, 3, 4, NULL);

INSERT INTO CITATION (CITATION_ID, CITATION_NAME, CITATION_STORAGE_LINK, CITATION_CLASSIFICATION_ID, REG_ID, CITATION_NOTES)
                                VALUES (73, "42 U.S.C. § 18116", NULL, 3, 4, NULL);

INSERT INTO CITATION (CITATION_ID, CITATION_NAME, CITATION_STORAGE_LINK, CITATION_CLASSIFICATION_ID, REG_ID, CITATION_NOTES)
                                VALUES (74, "34 C.F.R. § 668.46 Institutional Security Policies and Crime Statistics", NULL, 3, 4, NULL);

INSERT INTO CITATION (CITATION_ID, CITATION_NAME, CITATION_STORAGE_LINK, CITATION_CLASSIFICATION_ID, REG_ID, CITATION_NOTES)
                                VALUES (75, "Utah Code Section 53B-16-102", NULL, 2, 9, NULL);

INSERT INTO CITATION (CITATION_ID, CITATION_NAME, CITATION_STORAGE_LINK, CITATION_CLASSIFICATION_ID, REG_ID, CITATION_NOTES)
                                VALUES (76, "Utah Board of Higher Education Policy R571", NULL, 1, 13, NULL);

INSERT INTO CITATION (CITATION_ID, CITATION_NAME, CITATION_STORAGE_LINK, CITATION_CLASSIFICATION_ID, REG_ID, CITATION_NOTES)
                                VALUES (77, "Utah Code Title 63G, Chapter 6a, Utah Procurement Code", NULL, 2, 13, NULL);

INSERT INTO CITATION (CITATION_ID, CITATION_NAME, CITATION_STORAGE_LINK, CITATION_CLASSIFICATION_ID, REG_ID, CITATION_NOTES)
                                VALUES (78, "Utah Board of Higher Education Policy R571", NULL, 1, 15, NULL);

INSERT INTO CITATION (CITATION_ID, CITATION_NAME, CITATION_STORAGE_LINK, CITATION_CLASSIFICATION_ID, REG_ID, CITATION_NOTES)
                                VALUES (79, "Utah Code Title 63G, Chapter 6a, Utah Procurement Code", NULL, 2, 15, NULL);

INSERT INTO CITATION (CITATION_ID, CITATION_NAME, CITATION_STORAGE_LINK, CITATION_CLASSIFICATION_ID, REG_ID, CITATION_NOTES)
                                VALUES (80, "Utah Code Title 63G, Part 15, Design Professional Services", NULL, 2, 15, NULL);

INSERT INTO CITATION (CITATION_ID, CITATION_NAME, CITATION_STORAGE_LINK, CITATION_CLASSIFICATION_ID, REG_ID, CITATION_NOTES)
                                VALUES (81, "Utah Code Title 63G, Chapter 6a, Utah Procurement Code", NULL, 2, 16, NULL);

INSERT INTO CITATION (CITATION_ID, CITATION_NAME, CITATION_STORAGE_LINK, CITATION_CLASSIFICATION_ID, REG_ID, CITATION_NOTES)
                                VALUES (82, "Utah Code Subsection 63G-6a-802(3)", NULL, 2, 21, NULL);

-- REGULATION_CITATION table --

INSERT INTO REGULATION_CITATION (REG_ID, CITATION_ID) VALUES (1, 1);

INSERT INTO REGULATION_CITATION (REG_ID, CITATION_ID) VALUES (1, 2);

INSERT INTO REGULATION_CITATION (REG_ID, CITATION_ID) VALUES (1, 3);

INSERT INTO REGULATION_CITATION (REG_ID, CITATION_ID) VALUES (1, 4);

INSERT INTO REGULATION_CITATION (REG_ID, CITATION_ID) VALUES (1, 5);

INSERT INTO REGULATION_CITATION (REG_ID, CITATION_ID) VALUES (1, 6);

INSERT INTO REGULATION_CITATION (REG_ID, CITATION_ID) VALUES (1, 7);

INSERT INTO REGULATION_CITATION (REG_ID, CITATION_ID) VALUES (1, 8);

INSERT INTO REGULATION_CITATION (REG_ID, CITATION_ID) VALUES (1, 9);

INSERT INTO REGULATION_CITATION (REG_ID, CITATION_ID) VALUES (1, 10);

INSERT INTO REGULATION_CITATION (REG_ID, CITATION_ID) VALUES (1, 11);

INSERT INTO REGULATION_CITATION (REG_ID, CITATION_ID) VALUES (1, 12);

INSERT INTO REGULATION_CITATION (REG_ID, CITATION_ID) VALUES (1, 13);

INSERT INTO REGULATION_CITATION (REG_ID, CITATION_ID) VALUES (1, 14);

INSERT INTO REGULATION_CITATION (REG_ID, CITATION_ID) VALUES (1, 15);

INSERT INTO REGULATION_CITATION (REG_ID, CITATION_ID) VALUES (1, 16);

INSERT INTO REGULATION_CITATION (REG_ID, CITATION_ID) VALUES (1, 17);

INSERT INTO REGULATION_CITATION (REG_ID, CITATION_ID) VALUES (1, 18);

INSERT INTO REGULATION_CITATION (REG_ID, CITATION_ID) VALUES (1, 19);

INSERT INTO REGULATION_CITATION (REG_ID, CITATION_ID) VALUES (2, 1);

INSERT INTO REGULATION_CITATION (REG_ID, CITATION_ID) VALUES (2, 2);

INSERT INTO REGULATION_CITATION (REG_ID, CITATION_ID) VALUES (2, 3);

INSERT INTO REGULATION_CITATION (REG_ID, CITATION_ID) VALUES (2, 4);

INSERT INTO REGULATION_CITATION (REG_ID, CITATION_ID) VALUES (2, 5);

INSERT INTO REGULATION_CITATION (REG_ID, CITATION_ID) VALUES (2, 6);

INSERT INTO REGULATION_CITATION (REG_ID, CITATION_ID) VALUES (2, 7);

INSERT INTO REGULATION_CITATION (REG_ID, CITATION_ID) VALUES (2, 8);

INSERT INTO REGULATION_CITATION (REG_ID, CITATION_ID) VALUES (2, 9);

INSERT INTO REGULATION_CITATION (REG_ID, CITATION_ID) VALUES (2, 10);

INSERT INTO REGULATION_CITATION (REG_ID, CITATION_ID) VALUES (2, 11);

INSERT INTO REGULATION_CITATION (REG_ID, CITATION_ID) VALUES (2, 12);

INSERT INTO REGULATION_CITATION (REG_ID, CITATION_ID) VALUES (2, 13);

INSERT INTO REGULATION_CITATION (REG_ID, CITATION_ID) VALUES (2, 14);

INSERT INTO REGULATION_CITATION (REG_ID, CITATION_ID) VALUES (2, 15);

INSERT INTO REGULATION_CITATION (REG_ID, CITATION_ID) VALUES (2, 16);

INSERT INTO REGULATION_CITATION (REG_ID, CITATION_ID) VALUES (2, 17);

INSERT INTO REGULATION_CITATION (REG_ID, CITATION_ID) VALUES (2, 18);

INSERT INTO REGULATION_CITATION (REG_ID, CITATION_ID) VALUES (2, 19);

INSERT INTO REGULATION_CITATION (REG_ID, CITATION_ID) VALUES (3, 1);

INSERT INTO REGULATION_CITATION (REG_ID, CITATION_ID) VALUES (3, 2);

INSERT INTO REGULATION_CITATION (REG_ID, CITATION_ID) VALUES (3, 3);

INSERT INTO REGULATION_CITATION (REG_ID, CITATION_ID) VALUES (3, 4);

INSERT INTO REGULATION_CITATION (REG_ID, CITATION_ID) VALUES (3, 5);

INSERT INTO REGULATION_CITATION (REG_ID, CITATION_ID) VALUES (3, 6);

INSERT INTO REGULATION_CITATION (REG_ID, CITATION_ID) VALUES (3, 7);

INSERT INTO REGULATION_CITATION (REG_ID, CITATION_ID) VALUES (3, 8);

INSERT INTO REGULATION_CITATION (REG_ID, CITATION_ID) VALUES (3, 9);

INSERT INTO REGULATION_CITATION (REG_ID, CITATION_ID) VALUES (3, 10);

INSERT INTO REGULATION_CITATION (REG_ID, CITATION_ID) VALUES (3, 11);

INSERT INTO REGULATION_CITATION (REG_ID, CITATION_ID) VALUES (3, 12);

INSERT INTO REGULATION_CITATION (REG_ID, CITATION_ID) VALUES (3, 13);

INSERT INTO REGULATION_CITATION (REG_ID, CITATION_ID) VALUES (3, 14);

INSERT INTO REGULATION_CITATION (REG_ID, CITATION_ID) VALUES (3, 15);

INSERT INTO REGULATION_CITATION (REG_ID, CITATION_ID) VALUES (3, 16);

INSERT INTO REGULATION_CITATION (REG_ID, CITATION_ID) VALUES (3, 17);

INSERT INTO REGULATION_CITATION (REG_ID, CITATION_ID) VALUES (3, 18);

INSERT INTO REGULATION_CITATION (REG_ID, CITATION_ID) VALUES (4, 1);

INSERT INTO REGULATION_CITATION (REG_ID, CITATION_ID) VALUES (4, 2);

INSERT INTO REGULATION_CITATION (REG_ID, CITATION_ID) VALUES (4, 3);

INSERT INTO REGULATION_CITATION (REG_ID, CITATION_ID) VALUES (4, 4);

INSERT INTO REGULATION_CITATION (REG_ID, CITATION_ID) VALUES (4, 5);

INSERT INTO REGULATION_CITATION (REG_ID, CITATION_ID) VALUES (4, 6);

INSERT INTO REGULATION_CITATION (REG_ID, CITATION_ID) VALUES (4, 7);

INSERT INTO REGULATION_CITATION (REG_ID, CITATION_ID) VALUES (4, 8);

INSERT INTO REGULATION_CITATION (REG_ID, CITATION_ID) VALUES (4, 9);

INSERT INTO REGULATION_CITATION (REG_ID, CITATION_ID) VALUES (4, 10);

INSERT INTO REGULATION_CITATION (REG_ID, CITATION_ID) VALUES (4, 11);

INSERT INTO REGULATION_CITATION (REG_ID, CITATION_ID) VALUES (4, 12);

INSERT INTO REGULATION_CITATION (REG_ID, CITATION_ID) VALUES (4, 13);

INSERT INTO REGULATION_CITATION (REG_ID, CITATION_ID) VALUES (4, 14);

INSERT INTO REGULATION_CITATION (REG_ID, CITATION_ID) VALUES (4, 15);

INSERT INTO REGULATION_CITATION (REG_ID, CITATION_ID) VALUES (4, 16);

INSERT INTO REGULATION_CITATION (REG_ID, CITATION_ID) VALUES (4, 17);

INSERT INTO REGULATION_CITATION (REG_ID, CITATION_ID) VALUES (4, 18);

INSERT INTO REGULATION_CITATION (REG_ID, CITATION_ID) VALUES (9, 1);

INSERT INTO REGULATION_CITATION (REG_ID, CITATION_ID) VALUES (13, 1);

INSERT INTO REGULATION_CITATION (REG_ID, CITATION_ID) VALUES (13, 2);

INSERT INTO REGULATION_CITATION (REG_ID, CITATION_ID) VALUES (15, 1);

INSERT INTO REGULATION_CITATION (REG_ID, CITATION_ID) VALUES (15, 2);

INSERT INTO REGULATION_CITATION (REG_ID, CITATION_ID) VALUES (15, 3);

INSERT INTO REGULATION_CITATION (REG_ID, CITATION_ID) VALUES (16, 1);

INSERT INTO REGULATION_CITATION (REG_ID, CITATION_ID) VALUES (21, 1);

-- STAKEHOLDER_CLASSIFICATION Table
INSERT INTO STAKEHOLDER_CLASSIFICATION (STAKEHOLDER_CLASSIFICATION_ID,
                                        STAKEHOLDER_CLASSIFICATION_NAME)
VALUES (1, 'Policy Owner'),
       (2, 'Policy Officer'),
       (3, 'Contact Person');

-- STAKEHOLDER table --

INSERT INTO STAKEHOLDER (STAKEHOLDER_ID, STAKEHOLDER_CLASSIFICATION_ID, STAKEHOLDER_NAME, STAKEHOLDER_POSITION, STAKEHOLDER_NOTES) VALUES (1, 1, 'Director of the Office of Equal Opportunity and Affirmative Action', NULL, NULL);

INSERT INTO STAKEHOLDER (STAKEHOLDER_ID, STAKEHOLDER_CLASSIFICATION_ID, STAKEHOLDER_NAME, STAKEHOLDER_POSITION, STAKEHOLDER_NOTES) VALUES (2, 2, 'Vice President and General Counsel', NULL, NULL);

INSERT INTO STAKEHOLDER (STAKEHOLDER_ID, STAKEHOLDER_CLASSIFICATION_ID, STAKEHOLDER_NAME, STAKEHOLDER_POSITION, STAKEHOLDER_NOTES) VALUES (3, 3, 'Sherri Hayashi', NULL, NULL);

INSERT INTO STAKEHOLDER (STAKEHOLDER_ID, STAKEHOLDER_CLASSIFICATION_ID, STAKEHOLDER_NAME, STAKEHOLDER_POSITION, STAKEHOLDER_NOTES) VALUES (4, 1, 'Director of the Office of Equal Opportunity and Affirmative Action', NULL, NULL);

INSERT INTO STAKEHOLDER (STAKEHOLDER_ID, STAKEHOLDER_CLASSIFICATION_ID, STAKEHOLDER_NAME, STAKEHOLDER_POSITION, STAKEHOLDER_NOTES) VALUES (5, 2, 'Vice President and General Counsel', NULL, NULL);

INSERT INTO STAKEHOLDER (STAKEHOLDER_ID, STAKEHOLDER_CLASSIFICATION_ID, STAKEHOLDER_NAME, STAKEHOLDER_POSITION, STAKEHOLDER_NOTES) VALUES (6, 3, 'Sherri Hayashi', NULL, NULL);

INSERT INTO STAKEHOLDER (STAKEHOLDER_ID, STAKEHOLDER_CLASSIFICATION_ID, STAKEHOLDER_NAME, STAKEHOLDER_POSITION, STAKEHOLDER_NOTES) VALUES (7, 1, 'Director of the Office of Equal Opportunity and Affirmative Action', NULL, NULL);

INSERT INTO STAKEHOLDER (STAKEHOLDER_ID, STAKEHOLDER_CLASSIFICATION_ID, STAKEHOLDER_NAME, STAKEHOLDER_POSITION, STAKEHOLDER_NOTES) VALUES (8, 2, 'Vice President and General Counsel', NULL, NULL);

INSERT INTO STAKEHOLDER (STAKEHOLDER_ID, STAKEHOLDER_CLASSIFICATION_ID, STAKEHOLDER_NAME, STAKEHOLDER_POSITION, STAKEHOLDER_NOTES) VALUES (9, 3, 'Sherri Hayashi', NULL, NULL);

INSERT INTO STAKEHOLDER (STAKEHOLDER_ID, STAKEHOLDER_CLASSIFICATION_ID, STAKEHOLDER_NAME, STAKEHOLDER_POSITION, STAKEHOLDER_NOTES) VALUES (10, 1, 'Director of the Office of Equal Opportunity and Affirmative Action', NULL, NULL);

INSERT INTO STAKEHOLDER (STAKEHOLDER_ID, STAKEHOLDER_CLASSIFICATION_ID, STAKEHOLDER_NAME, STAKEHOLDER_POSITION, STAKEHOLDER_NOTES) VALUES (11, 2, 'Vice President and General Counsel', NULL, NULL);

INSERT INTO STAKEHOLDER (STAKEHOLDER_ID, STAKEHOLDER_CLASSIFICATION_ID, STAKEHOLDER_NAME, STAKEHOLDER_POSITION, STAKEHOLDER_NOTES) VALUES (12, 3, 'Sherri Hayashi', NULL, NULL);

INSERT INTO STAKEHOLDER (STAKEHOLDER_ID, STAKEHOLDER_CLASSIFICATION_ID, STAKEHOLDER_NAME, STAKEHOLDER_POSITION, STAKEHOLDER_NOTES) VALUES (13, 1, 'Associate Vice President for Faculty', NULL, NULL);

INSERT INTO STAKEHOLDER (STAKEHOLDER_ID, STAKEHOLDER_CLASSIFICATION_ID, STAKEHOLDER_NAME, STAKEHOLDER_POSITION, STAKEHOLDER_NOTES) VALUES (14, 2, 'Senior Vice President for Academic Affairs', NULL, NULL);

INSERT INTO STAKEHOLDER (STAKEHOLDER_ID, STAKEHOLDER_CLASSIFICATION_ID, STAKEHOLDER_NAME, STAKEHOLDER_POSITION, STAKEHOLDER_NOTES) VALUES (15, 3, 'Trina Rich', NULL, NULL);

INSERT INTO STAKEHOLDER (STAKEHOLDER_ID, STAKEHOLDER_CLASSIFICATION_ID, STAKEHOLDER_NAME, STAKEHOLDER_POSITION, STAKEHOLDER_NOTES) VALUES (16, 1, 'Senior Associate Vice President for Undergraduate Studies', NULL, NULL);

INSERT INTO STAKEHOLDER (STAKEHOLDER_ID, STAKEHOLDER_CLASSIFICATION_ID, STAKEHOLDER_NAME, STAKEHOLDER_POSITION, STAKEHOLDER_NOTES) VALUES (17, 2, 'Senior Associate Vice President for Academic Affairs', NULL, NULL);

INSERT INTO STAKEHOLDER (STAKEHOLDER_ID, STAKEHOLDER_CLASSIFICATION_ID, STAKEHOLDER_NAME, STAKEHOLDER_POSITION, STAKEHOLDER_NOTES) VALUES (18, 1, 'Vice President for Research', NULL, NULL);

INSERT INTO STAKEHOLDER (STAKEHOLDER_ID, STAKEHOLDER_CLASSIFICATION_ID, STAKEHOLDER_NAME, STAKEHOLDER_POSITION, STAKEHOLDER_NOTES) VALUES (19, 2, 'Senior Associate Vice President for Academic Affairs', NULL, NULL);

INSERT INTO STAKEHOLDER (STAKEHOLDER_ID, STAKEHOLDER_CLASSIFICATION_ID, STAKEHOLDER_NAME, STAKEHOLDER_POSITION, STAKEHOLDER_NOTES) VALUES (20, 3, 'Mark Standre', NULL, NULL);

INSERT INTO STAKEHOLDER (STAKEHOLDER_ID, STAKEHOLDER_CLASSIFICATION_ID, STAKEHOLDER_NAME, STAKEHOLDER_POSITION, STAKEHOLDER_NOTES) VALUES (21, 1, 'Director of Procurement', NULL, NULL);

INSERT INTO STAKEHOLDER (STAKEHOLDER_ID, STAKEHOLDER_CLASSIFICATION_ID, STAKEHOLDER_NAME, STAKEHOLDER_POSITION, STAKEHOLDER_NOTES) VALUES (22, 2, 'Chief Financial Officer', NULL, NULL);

INSERT INTO STAKEHOLDER (STAKEHOLDER_ID, STAKEHOLDER_CLASSIFICATION_ID, STAKEHOLDER_NAME, STAKEHOLDER_POSITION, STAKEHOLDER_NOTES) VALUES (23, 3, 'Zach Christensen', NULL, NULL);

INSERT INTO STAKEHOLDER (STAKEHOLDER_ID, STAKEHOLDER_CLASSIFICATION_ID, STAKEHOLDER_NAME, STAKEHOLDER_POSITION, STAKEHOLDER_NOTES) VALUES (24, 1, 'Director of Procurement', NULL, NULL);

INSERT INTO STAKEHOLDER (STAKEHOLDER_ID, STAKEHOLDER_CLASSIFICATION_ID, STAKEHOLDER_NAME, STAKEHOLDER_POSITION, STAKEHOLDER_NOTES) VALUES (25, 2, 'Chief Financial Officer', NULL, NULL);

INSERT INTO STAKEHOLDER (STAKEHOLDER_ID, STAKEHOLDER_CLASSIFICATION_ID, STAKEHOLDER_NAME, STAKEHOLDER_POSITION, STAKEHOLDER_NOTES) VALUES (26, 3, 'Zach Christensen', NULL, NULL);

INSERT INTO STAKEHOLDER (STAKEHOLDER_ID, STAKEHOLDER_CLASSIFICATION_ID, STAKEHOLDER_NAME, STAKEHOLDER_POSITION, STAKEHOLDER_NOTES) VALUES (27, 1, 'Director of Procurement', NULL, NULL);

INSERT INTO STAKEHOLDER (STAKEHOLDER_ID, STAKEHOLDER_CLASSIFICATION_ID, STAKEHOLDER_NAME, STAKEHOLDER_POSITION, STAKEHOLDER_NOTES) VALUES (28, 2, 'Chief Financial Officer', NULL, NULL);

INSERT INTO STAKEHOLDER (STAKEHOLDER_ID, STAKEHOLDER_CLASSIFICATION_ID, STAKEHOLDER_NAME, STAKEHOLDER_POSITION, STAKEHOLDER_NOTES) VALUES (29, 3, 'Zach Christensen', NULL, NULL);

INSERT INTO STAKEHOLDER (STAKEHOLDER_ID, STAKEHOLDER_CLASSIFICATION_ID, STAKEHOLDER_NAME, STAKEHOLDER_POSITION, STAKEHOLDER_NOTES) VALUES (30, 1, 'Director of Procurement', NULL, NULL);

INSERT INTO STAKEHOLDER (STAKEHOLDER_ID, STAKEHOLDER_CLASSIFICATION_ID, STAKEHOLDER_NAME, STAKEHOLDER_POSITION, STAKEHOLDER_NOTES) VALUES (31, 2, 'Chief Financial Officer', NULL, NULL);

INSERT INTO STAKEHOLDER (STAKEHOLDER_ID, STAKEHOLDER_CLASSIFICATION_ID, STAKEHOLDER_NAME, STAKEHOLDER_POSITION, STAKEHOLDER_NOTES) VALUES (32, 3, 'Zach Christensen', NULL, NULL);

INSERT INTO STAKEHOLDER (STAKEHOLDER_ID, STAKEHOLDER_CLASSIFICATION_ID, STAKEHOLDER_NAME, STAKEHOLDER_POSITION, STAKEHOLDER_NOTES) VALUES (33, 1, 'Director of Procurement', NULL, NULL);

INSERT INTO STAKEHOLDER (STAKEHOLDER_ID, STAKEHOLDER_CLASSIFICATION_ID, STAKEHOLDER_NAME, STAKEHOLDER_POSITION, STAKEHOLDER_NOTES) VALUES (34, 2, 'Chief Financial Officer', NULL, NULL);

INSERT INTO STAKEHOLDER (STAKEHOLDER_ID, STAKEHOLDER_CLASSIFICATION_ID, STAKEHOLDER_NAME, STAKEHOLDER_POSITION, STAKEHOLDER_NOTES) VALUES (35, 3, 'Zach Christensen', NULL, NULL);

INSERT INTO STAKEHOLDER (STAKEHOLDER_ID, STAKEHOLDER_CLASSIFICATION_ID, STAKEHOLDER_NAME, STAKEHOLDER_POSITION, STAKEHOLDER_NOTES) VALUES (36, 3, 'Zach Christensen', NULL, NULL);

INSERT INTO STAKEHOLDER (STAKEHOLDER_ID, STAKEHOLDER_CLASSIFICATION_ID, STAKEHOLDER_NAME, STAKEHOLDER_POSITION, STAKEHOLDER_NOTES) VALUES (37, 1, 'Director of Procurement', NULL, NULL);

INSERT INTO STAKEHOLDER (STAKEHOLDER_ID, STAKEHOLDER_CLASSIFICATION_ID, STAKEHOLDER_NAME, STAKEHOLDER_POSITION, STAKEHOLDER_NOTES) VALUES (38, 2, 'Chief Financial Officer', NULL, NULL);

INSERT INTO STAKEHOLDER (STAKEHOLDER_ID, STAKEHOLDER_CLASSIFICATION_ID, STAKEHOLDER_NAME, STAKEHOLDER_POSITION, STAKEHOLDER_NOTES) VALUES (39, 3, 'Zach Christensen', NULL, NULL);

INSERT INTO STAKEHOLDER (STAKEHOLDER_ID, STAKEHOLDER_CLASSIFICATION_ID, STAKEHOLDER_NAME, STAKEHOLDER_POSITION, STAKEHOLDER_NOTES) VALUES (40, 1, 'Director of Procurement', NULL, NULL);

INSERT INTO STAKEHOLDER (STAKEHOLDER_ID, STAKEHOLDER_CLASSIFICATION_ID, STAKEHOLDER_NAME, STAKEHOLDER_POSITION, STAKEHOLDER_NOTES) VALUES (41, 2, 'Chief Financial Officer', NULL, NULL);

INSERT INTO STAKEHOLDER (STAKEHOLDER_ID, STAKEHOLDER_CLASSIFICATION_ID, STAKEHOLDER_NAME, STAKEHOLDER_POSITION, STAKEHOLDER_NOTES) VALUES (42, 3, 'Zach Christensen', NULL, NULL);

INSERT INTO STAKEHOLDER (STAKEHOLDER_ID, STAKEHOLDER_CLASSIFICATION_ID, STAKEHOLDER_NAME, STAKEHOLDER_POSITION, STAKEHOLDER_NOTES) VALUES (43, 1, 'Director of Procurement', NULL, NULL);

INSERT INTO STAKEHOLDER (STAKEHOLDER_ID, STAKEHOLDER_CLASSIFICATION_ID, STAKEHOLDER_NAME, STAKEHOLDER_POSITION, STAKEHOLDER_NOTES) VALUES (44, 3, 'Zach Christensen', NULL, NULL);

INSERT INTO STAKEHOLDER (STAKEHOLDER_ID, STAKEHOLDER_CLASSIFICATION_ID, STAKEHOLDER_NAME, STAKEHOLDER_POSITION, STAKEHOLDER_NOTES) VALUES (45, 1, 'AVP Auxiliary Services', NULL, NULL);

INSERT INTO STAKEHOLDER (STAKEHOLDER_ID, STAKEHOLDER_CLASSIFICATION_ID, STAKEHOLDER_NAME, STAKEHOLDER_POSITION, STAKEHOLDER_NOTES) VALUES (46, 2, 'Chief Financial Officer', NULL, NULL);

INSERT INTO STAKEHOLDER (STAKEHOLDER_ID, STAKEHOLDER_CLASSIFICATION_ID, STAKEHOLDER_NAME, STAKEHOLDER_POSITION, STAKEHOLDER_NOTES) VALUES (47, 3, 'Brett Edan', NULL, NULL);

INSERT INTO STAKEHOLDER (STAKEHOLDER_ID, STAKEHOLDER_CLASSIFICATION_ID, STAKEHOLDER_NAME, STAKEHOLDER_POSITION, STAKEHOLDER_NOTES) VALUES (48, 1, 'Chief Global Officer', NULL, NULL);

INSERT INTO STAKEHOLDER (STAKEHOLDER_ID, STAKEHOLDER_CLASSIFICATION_ID, STAKEHOLDER_NAME, STAKEHOLDER_POSITION, STAKEHOLDER_NOTES) VALUES (49, 2, 'Senior Vice President for Academic Affairs', NULL, NULL);

INSERT INTO STAKEHOLDER (STAKEHOLDER_ID, STAKEHOLDER_CLASSIFICATION_ID, STAKEHOLDER_NAME, STAKEHOLDER_POSITION, STAKEHOLDER_NOTES) VALUES (50, 3, 'Parker Pflaum', NULL, NULL);

-- REGULATION_STAKEHOLDER table --

INSERT INTO REGULATION_STAKEHOLDER (REG_ID, STAKEHOLDER_ID) VALUES (1, 1);

INSERT INTO REGULATION_STAKEHOLDER (REG_ID, STAKEHOLDER_ID) VALUES (1, 2);

INSERT INTO REGULATION_STAKEHOLDER (REG_ID, STAKEHOLDER_ID) VALUES (1, 3);

INSERT INTO REGULATION_STAKEHOLDER (REG_ID, STAKEHOLDER_ID) VALUES (2, 4);

INSERT INTO REGULATION_STAKEHOLDER (REG_ID, STAKEHOLDER_ID) VALUES (2, 5);

INSERT INTO REGULATION_STAKEHOLDER (REG_ID, STAKEHOLDER_ID) VALUES (2, 6);

INSERT INTO REGULATION_STAKEHOLDER (REG_ID, STAKEHOLDER_ID) VALUES (3, 7);

INSERT INTO REGULATION_STAKEHOLDER (REG_ID, STAKEHOLDER_ID) VALUES (3, 8);

INSERT INTO REGULATION_STAKEHOLDER (REG_ID, STAKEHOLDER_ID) VALUES (3, 9);

INSERT INTO REGULATION_STAKEHOLDER (REG_ID, STAKEHOLDER_ID) VALUES (4, 10);

INSERT INTO REGULATION_STAKEHOLDER (REG_ID, STAKEHOLDER_ID) VALUES (4, 11);

INSERT INTO REGULATION_STAKEHOLDER (REG_ID, STAKEHOLDER_ID) VALUES (4, 12);

INSERT INTO REGULATION_STAKEHOLDER (REG_ID, STAKEHOLDER_ID) VALUES (9, 13);

INSERT INTO REGULATION_STAKEHOLDER (REG_ID, STAKEHOLDER_ID) VALUES (9, 14);

INSERT INTO REGULATION_STAKEHOLDER (REG_ID, STAKEHOLDER_ID) VALUES (9, 15);

INSERT INTO REGULATION_STAKEHOLDER (REG_ID, STAKEHOLDER_ID) VALUES (10, 16);

INSERT INTO REGULATION_STAKEHOLDER (REG_ID, STAKEHOLDER_ID) VALUES (10, 17);

INSERT INTO REGULATION_STAKEHOLDER (REG_ID, STAKEHOLDER_ID) VALUES (11, 18);

INSERT INTO REGULATION_STAKEHOLDER (REG_ID, STAKEHOLDER_ID) VALUES (11, 19);

INSERT INTO REGULATION_STAKEHOLDER (REG_ID, STAKEHOLDER_ID) VALUES (12, 20);

INSERT INTO REGULATION_STAKEHOLDER (REG_ID, STAKEHOLDER_ID) VALUES (13, 21);

INSERT INTO REGULATION_STAKEHOLDER (REG_ID, STAKEHOLDER_ID) VALUES (13, 22);

INSERT INTO REGULATION_STAKEHOLDER (REG_ID, STAKEHOLDER_ID) VALUES (13, 23);

INSERT INTO REGULATION_STAKEHOLDER (REG_ID, STAKEHOLDER_ID) VALUES (15, 24);

INSERT INTO REGULATION_STAKEHOLDER (REG_ID, STAKEHOLDER_ID) VALUES (15, 25);

INSERT INTO REGULATION_STAKEHOLDER (REG_ID, STAKEHOLDER_ID) VALUES (15, 26);

INSERT INTO REGULATION_STAKEHOLDER (REG_ID, STAKEHOLDER_ID) VALUES (16, 27);

INSERT INTO REGULATION_STAKEHOLDER (REG_ID, STAKEHOLDER_ID) VALUES (16, 28);

INSERT INTO REGULATION_STAKEHOLDER (REG_ID, STAKEHOLDER_ID) VALUES (16, 29);

INSERT INTO REGULATION_STAKEHOLDER (REG_ID, STAKEHOLDER_ID) VALUES (17, 30);

INSERT INTO REGULATION_STAKEHOLDER (REG_ID, STAKEHOLDER_ID) VALUES (17, 31);

INSERT INTO REGULATION_STAKEHOLDER (REG_ID, STAKEHOLDER_ID) VALUES (17, 32);

INSERT INTO REGULATION_STAKEHOLDER (REG_ID, STAKEHOLDER_ID) VALUES (18, 33);

INSERT INTO REGULATION_STAKEHOLDER (REG_ID, STAKEHOLDER_ID) VALUES (18, 34);

INSERT INTO REGULATION_STAKEHOLDER (REG_ID, STAKEHOLDER_ID) VALUES (18, 35);

INSERT INTO REGULATION_STAKEHOLDER (REG_ID, STAKEHOLDER_ID) VALUES (21, 36);

INSERT INTO REGULATION_STAKEHOLDER (REG_ID, STAKEHOLDER_ID) VALUES (22, 37);

INSERT INTO REGULATION_STAKEHOLDER (REG_ID, STAKEHOLDER_ID) VALUES (22, 38);

INSERT INTO REGULATION_STAKEHOLDER (REG_ID, STAKEHOLDER_ID) VALUES (22, 39);

INSERT INTO REGULATION_STAKEHOLDER (REG_ID, STAKEHOLDER_ID) VALUES (23, 40);

INSERT INTO REGULATION_STAKEHOLDER (REG_ID, STAKEHOLDER_ID) VALUES (23, 41);

INSERT INTO REGULATION_STAKEHOLDER (REG_ID, STAKEHOLDER_ID) VALUES (23, 42);

INSERT INTO REGULATION_STAKEHOLDER (REG_ID, STAKEHOLDER_ID) VALUES (24, 43);

INSERT INTO REGULATION_STAKEHOLDER (REG_ID, STAKEHOLDER_ID) VALUES (24, 44);

INSERT INTO REGULATION_STAKEHOLDER (REG_ID, STAKEHOLDER_ID) VALUES (25, 45);

INSERT INTO REGULATION_STAKEHOLDER (REG_ID, STAKEHOLDER_ID) VALUES (25, 46);

INSERT INTO REGULATION_STAKEHOLDER (REG_ID, STAKEHOLDER_ID) VALUES (25, 47);

INSERT INTO REGULATION_STAKEHOLDER (REG_ID, STAKEHOLDER_ID) VALUES (26, 48);

INSERT INTO REGULATION_STAKEHOLDER (REG_ID, STAKEHOLDER_ID) VALUES (26, 49);

INSERT INTO REGULATION_STAKEHOLDER (REG_ID, STAKEHOLDER_ID) VALUES (26, 50);

-- REVISION table --

INSERT INTO REVISION (REVISION_ID, REG_ID, REVISION_NUMBER, REVISION_DATE, REVISION_EFFECTIVE_DATE, REVISION_DESC, EDITORIAL_CHANGE_YN, REV_EDITORIAL_DATE, REV_EDITORIAL_DESC, DOCUMENTATION_OF_OTHER_REVISION_LINK) VALUES (1, 1, NULL, NULL, NULL, NULL, 1, '2022-08-02', "Moved to current regulations template", NULL);

INSERT INTO REVISION (REVISION_ID, REG_ID, REVISION_NUMBER, REVISION_DATE, REVISION_EFFECTIVE_DATE, REVISION_DESC, EDITORIAL_CHANGE_YN, REV_EDITORIAL_DATE, REV_EDITORIAL_DESC, DOCUMENTATION_OF_OTHER_REVISION_LINK) VALUES (2, 1, NULL, NULL, NULL, NULL, 1, '2022-08-02', "Moved to current regulations template", NULL);

INSERT INTO REVISION (REVISION_ID, REG_ID, REVISION_NUMBER, REVISION_DATE, REVISION_EFFECTIVE_DATE, REVISION_DESC, EDITORIAL_CHANGE_YN, REV_EDITORIAL_DATE, REV_EDITORIAL_DESC, DOCUMENTATION_OF_OTHER_REVISION_LINK) VALUES (3, 1, NULL, NULL, NULL, NULL, 1, '2022-08-02', "Moved to current regulations template", NULL);

INSERT INTO REVISION (REVISION_ID, REG_ID, REVISION_NUMBER, REVISION_DATE, REVISION_EFFECTIVE_DATE, REVISION_DESC, EDITORIAL_CHANGE_YN, REV_EDITORIAL_DATE, REV_EDITORIAL_DESC, DOCUMENTATION_OF_OTHER_REVISION_LINK) VALUES (4, 2, NULL, NULL, NULL, NULL, 1, '2022-04-20', "Updated OEO's address", NULL);

INSERT INTO REVISION (REVISION_ID, REG_ID, REVISION_NUMBER, REVISION_DATE, REVISION_EFFECTIVE_DATE, REVISION_DESC, EDITORIAL_CHANGE_YN, REV_EDITORIAL_DATE, REV_EDITORIAL_DESC, DOCUMENTATION_OF_OTHER_REVISION_LINK) VALUES (5, 3, NULL, NULL, NULL, NULL, 1, NULL, NULL, NULL);

INSERT INTO REVISION (REVISION_ID, REG_ID, REVISION_NUMBER, REVISION_DATE, REVISION_EFFECTIVE_DATE, REVISION_DESC, EDITORIAL_CHANGE_YN, REV_EDITORIAL_DATE, REV_EDITORIAL_DESC, DOCUMENTATION_OF_OTHER_REVISION_LINK) VALUES (6, 3, NULL, NULL, NULL, NULL, 1, NULL, NULL, NULL);

INSERT INTO REVISION (REVISION_ID, REG_ID, REVISION_NUMBER, REVISION_DATE, REVISION_EFFECTIVE_DATE, REVISION_DESC, EDITORIAL_CHANGE_YN, REV_EDITORIAL_DATE, REV_EDITORIAL_DESC, DOCUMENTATION_OF_OTHER_REVISION_LINK) VALUES (7, 4, NULL, NULL, NULL, NULL, 1, '2022-03-17', "Update OEO Address", NULL);

INSERT INTO REVISION (REVISION_ID, REG_ID, REVISION_NUMBER, REVISION_DATE, REVISION_EFFECTIVE_DATE, REVISION_DESC, EDITORIAL_CHANGE_YN, REV_EDITORIAL_DATE, REV_EDITORIAL_DESC, DOCUMENTATION_OF_OTHER_REVISION_LINK) VALUES (8, 4, NULL, NULL, NULL, NULL, 1, '2022-03-17', "Update OEO Address", NULL);

INSERT INTO REVISION (REVISION_ID, REG_ID, REVISION_NUMBER, REVISION_DATE, REVISION_EFFECTIVE_DATE, REVISION_DESC, EDITORIAL_CHANGE_YN, REV_EDITORIAL_DATE, REV_EDITORIAL_DESC, DOCUMENTATION_OF_OTHER_REVISION_LINK) VALUES (9, 9, NULL, NULL, NULL, NULL, 1, NULL, NULL, NULL);

INSERT INTO REVISION (REVISION_ID, REG_ID, REVISION_NUMBER, REVISION_DATE, REVISION_EFFECTIVE_DATE, REVISION_DESC, EDITORIAL_CHANGE_YN, REV_EDITORIAL_DATE, REV_EDITORIAL_DESC, DOCUMENTATION_OF_OTHER_REVISION_LINK) VALUES (10, 9, NULL, NULL, NULL, NULL, 1, NULL, NULL, NULL);

INSERT INTO REVISION (REVISION_ID, REG_ID, REVISION_NUMBER, REVISION_DATE, REVISION_EFFECTIVE_DATE, REVISION_DESC, EDITORIAL_CHANGE_YN, REV_EDITORIAL_DATE, REV_EDITORIAL_DESC, DOCUMENTATION_OF_OTHER_REVISION_LINK) VALUES (11, 9, NULL, NULL, NULL, NULL, 1, NULL, NULL, NULL);

INSERT INTO REVISION (REVISION_ID, REG_ID, REVISION_NUMBER, REVISION_DATE, REVISION_EFFECTIVE_DATE, REVISION_DESC, EDITORIAL_CHANGE_YN, REV_EDITORIAL_DATE, REV_EDITORIAL_DESC, DOCUMENTATION_OF_OTHER_REVISION_LINK) VALUES (12, 9, NULL, NULL, NULL, NULL, 1, NULL, NULL, NULL);

INSERT INTO REVISION (REVISION_ID, REG_ID, REVISION_NUMBER, REVISION_DATE, REVISION_EFFECTIVE_DATE, REVISION_DESC, EDITORIAL_CHANGE_YN, REV_EDITORIAL_DATE, REV_EDITORIAL_DESC, DOCUMENTATION_OF_OTHER_REVISION_LINK) VALUES (13, 9, NULL, NULL, NULL, NULL, 1, NULL, NULL, NULL);

INSERT INTO REVISION (REVISION_ID, REG_ID, REVISION_NUMBER, REVISION_DATE, REVISION_EFFECTIVE_DATE, REVISION_DESC, EDITORIAL_CHANGE_YN, REV_EDITORIAL_DATE, REV_EDITORIAL_DESC, DOCUMENTATION_OF_OTHER_REVISION_LINK) VALUES (14, 9, NULL, NULL, NULL, NULL, 1, NULL, NULL, NULL);

INSERT INTO REVISION (REVISION_ID, REG_ID, REVISION_NUMBER, REVISION_DATE, REVISION_EFFECTIVE_DATE, REVISION_DESC, EDITORIAL_CHANGE_YN, REV_EDITORIAL_DATE, REV_EDITORIAL_DESC, DOCUMENTATION_OF_OTHER_REVISION_LINK) VALUES (15, 9, NULL, NULL, NULL, NULL, 1, NULL, NULL, NULL);

INSERT INTO REVISION (REVISION_ID, REG_ID, REVISION_NUMBER, REVISION_DATE, REVISION_EFFECTIVE_DATE, REVISION_DESC, EDITORIAL_CHANGE_YN, REV_EDITORIAL_DATE, REV_EDITORIAL_DESC, DOCUMENTATION_OF_OTHER_REVISION_LINK) VALUES (16, 9, NULL, NULL, NULL, NULL, 1, NULL, NULL, NULL);

INSERT INTO REVISION (REVISION_ID, REG_ID, REVISION_NUMBER, REVISION_DATE, REVISION_EFFECTIVE_DATE, REVISION_DESC, EDITORIAL_CHANGE_YN, REV_EDITORIAL_DATE, REV_EDITORIAL_DESC, DOCUMENTATION_OF_OTHER_REVISION_LINK) VALUES (17, 9, NULL, NULL, NULL, NULL, 1, NULL, NULL, NULL);

INSERT INTO REVISION (REVISION_ID, REG_ID, REVISION_NUMBER, REVISION_DATE, REVISION_EFFECTIVE_DATE, REVISION_DESC, EDITORIAL_CHANGE_YN, REV_EDITORIAL_DATE, REV_EDITORIAL_DESC, DOCUMENTATION_OF_OTHER_REVISION_LINK) VALUES (18, 9, NULL, NULL, NULL, NULL, 1, NULL, NULL, NULL);

INSERT INTO REVISION (REVISION_ID, REG_ID, REVISION_NUMBER, REVISION_DATE, REVISION_EFFECTIVE_DATE, REVISION_DESC, EDITORIAL_CHANGE_YN, REV_EDITORIAL_DATE, REV_EDITORIAL_DESC, DOCUMENTATION_OF_OTHER_REVISION_LINK) VALUES (19, 13, NULL, NULL, NULL, NULL, 1, NULL, NULL, NULL);

INSERT INTO REVISION (REVISION_ID, REG_ID, REVISION_NUMBER, REVISION_DATE, REVISION_EFFECTIVE_DATE, REVISION_DESC, EDITORIAL_CHANGE_YN, REV_EDITORIAL_DATE, REV_EDITORIAL_DESC, DOCUMENTATION_OF_OTHER_REVISION_LINK) VALUES (20, 15, NULL, NULL, NULL, NULL, 1, NULL, NULL, NULL);

INSERT INTO REVISION (REVISION_ID, REG_ID, REVISION_NUMBER, REVISION_DATE, REVISION_EFFECTIVE_DATE, REVISION_DESC, EDITORIAL_CHANGE_YN, REV_EDITORIAL_DATE, REV_EDITORIAL_DESC, DOCUMENTATION_OF_OTHER_REVISION_LINK) VALUES (21, 16, NULL, NULL, NULL, NULL, 1, NULL, NULL, NULL);

INSERT INTO REVISION (REVISION_ID, REG_ID, REVISION_NUMBER, REVISION_DATE, REVISION_EFFECTIVE_DATE, REVISION_DESC, EDITORIAL_CHANGE_YN, REV_EDITORIAL_DATE, REV_EDITORIAL_DESC, DOCUMENTATION_OF_OTHER_REVISION_LINK) VALUES (22, 17, NULL, NULL, NULL, NULL, 1, NULL, NULL, NULL);

INSERT INTO REVISION (REVISION_ID, REG_ID, REVISION_NUMBER, REVISION_DATE, REVISION_EFFECTIVE_DATE, REVISION_DESC, EDITORIAL_CHANGE_YN, REV_EDITORIAL_DATE, REV_EDITORIAL_DESC, DOCUMENTATION_OF_OTHER_REVISION_LINK) VALUES (23, 18, NULL, NULL, NULL, NULL, 1, NULL, NULL, NULL);

INSERT INTO REVISION (REVISION_ID, REG_ID, REVISION_NUMBER, REVISION_DATE, REVISION_EFFECTIVE_DATE, REVISION_DESC, EDITORIAL_CHANGE_YN, REV_EDITORIAL_DATE, REV_EDITORIAL_DESC, DOCUMENTATION_OF_OTHER_REVISION_LINK) VALUES (24, 26, NULL, NULL, NULL, NULL, 1, NULL, NULL, NULL);

-- REVISION_PROCESS table --

INSERT INTO REVISION_PROCESS (REVISION_PROCESS_ID,
                              REVISION_ID,
                              BOT_APPROVAL_DATE,
                              BOT_APPROVAL_STATUS,
                              BOT_PREVIOUS_APPROVAL_DATE,
                              ASEC_APPROVAL_DATE,
                              ASEC_APPROVAL_STATUS,
                              ASEC_PREVIOUS_REVISION_DATE,
                              ASEC_PREVIOUS_REVISION_REVIEW_DATE,
                              IPC_APPROVAL_DATE,
                              IPC_APPROVAL_STATUS,
                              IPC_PREVIOUS_REVISION_DATE,
                              IPC_PREVIOUS_REVISION_REVIEW_DATE,
                              REVISION_PROCESS_NOTES) VALUES 
                              (1, 1, '2020-08-17', 'Yes', NULL, NULL, NULL, NULL, NULL, NULL, NULL, NULL, NULL, NULL);

INSERT INTO REVISION_PROCESS (REVISION_PROCESS_ID,
                              REVISION_ID,
                              BOT_APPROVAL_DATE,
                              BOT_APPROVAL_STATUS,
                              BOT_PREVIOUS_APPROVAL_DATE,
                              ASEC_APPROVAL_DATE,
                              ASEC_APPROVAL_STATUS,
                              ASEC_PREVIOUS_REVISION_DATE,
                              ASEC_PREVIOUS_REVISION_REVIEW_DATE,
                              IPC_APPROVAL_DATE,
                              IPC_APPROVAL_STATUS,
                              IPC_PREVIOUS_REVISION_DATE,
                              IPC_PREVIOUS_REVISION_REVIEW_DATE,
                              REVISION_PROCESS_NOTES) VALUES 
                              (2, 2, '2020-08-17', 'Yes', NULL, NULL, NULL, NULL, NULL, NULL, NULL, NULL, NULL, NULL);

INSERT INTO REVISION_PROCESS (REVISION_PROCESS_ID,
                              REVISION_ID,
                              BOT_APPROVAL_DATE,
                              BOT_APPROVAL_STATUS,
                              BOT_PREVIOUS_APPROVAL_DATE,
                              ASEC_APPROVAL_DATE,
                              ASEC_APPROVAL_STATUS,
                              ASEC_PREVIOUS_REVISION_DATE,
                              ASEC_PREVIOUS_REVISION_REVIEW_DATE,
                              IPC_APPROVAL_DATE,
                              IPC_APPROVAL_STATUS,
                              IPC_PREVIOUS_REVISION_DATE,
                              IPC_PREVIOUS_REVISION_REVIEW_DATE,
                              REVISION_PROCESS_NOTES) VALUES 
                              (3, 3, '2020-08-17', 'Yes', NULL, NULL, NULL, NULL, NULL, NULL, NULL, NULL, NULL, NULL);

INSERT INTO REVISION_PROCESS (REVISION_PROCESS_ID,
                              REVISION_ID,
                              BOT_APPROVAL_DATE,
                              BOT_APPROVAL_STATUS,
                              BOT_PREVIOUS_APPROVAL_DATE,
                              ASEC_APPROVAL_DATE,
                              ASEC_APPROVAL_STATUS,
                              ASEC_PREVIOUS_REVISION_DATE,
                              ASEC_PREVIOUS_REVISION_REVIEW_DATE,
                              IPC_APPROVAL_DATE,
                              IPC_APPROVAL_STATUS,
                              IPC_PREVIOUS_REVISION_DATE,
                              IPC_PREVIOUS_REVISION_REVIEW_DATE,
                              REVISION_PROCESS_NOTES) VALUES 
                              (4, 4, '2020-08-17', 'Yes', NULL, NULL, NULL, NULL, NULL, NULL, NULL, NULL, NULL, NULL);

INSERT INTO REVISION_PROCESS (REVISION_PROCESS_ID,
                              REVISION_ID,
                              BOT_APPROVAL_DATE,
                              BOT_APPROVAL_STATUS,
                              BOT_PREVIOUS_APPROVAL_DATE,
                              ASEC_APPROVAL_DATE,
                              ASEC_APPROVAL_STATUS,
                              ASEC_PREVIOUS_REVISION_DATE,
                              ASEC_PREVIOUS_REVISION_REVIEW_DATE,
                              IPC_APPROVAL_DATE,
                              IPC_APPROVAL_STATUS,
                              IPC_PREVIOUS_REVISION_DATE,
                              IPC_PREVIOUS_REVISION_REVIEW_DATE,
                              REVISION_PROCESS_NOTES) VALUES 
                              (5, 5, NULL, 'No', NULL, NULL, NULL, NULL, NULL, NULL, NULL, NULL, NULL, NULL);

INSERT INTO REVISION_PROCESS (REVISION_PROCESS_ID,
                              REVISION_ID,
                              BOT_APPROVAL_DATE,
                              BOT_APPROVAL_STATUS,
                              BOT_PREVIOUS_APPROVAL_DATE,
                              ASEC_APPROVAL_DATE,
                              ASEC_APPROVAL_STATUS,
                              ASEC_PREVIOUS_REVISION_DATE,
                              ASEC_PREVIOUS_REVISION_REVIEW_DATE,
                              IPC_APPROVAL_DATE,
                              IPC_APPROVAL_STATUS,
                              IPC_PREVIOUS_REVISION_DATE,
                              IPC_PREVIOUS_REVISION_REVIEW_DATE,
                              REVISION_PROCESS_NOTES) VALUES 
                              (6, 6, NULL, 'No', NULL, NULL, NULL, NULL, NULL, NULL, NULL, NULL, NULL, NULL);

INSERT INTO REVISION_PROCESS (REVISION_PROCESS_ID,
                              REVISION_ID,
                              BOT_APPROVAL_DATE,
                              BOT_APPROVAL_STATUS,
                              BOT_PREVIOUS_APPROVAL_DATE,
                              ASEC_APPROVAL_DATE,
                              ASEC_APPROVAL_STATUS,
                              ASEC_PREVIOUS_REVISION_DATE,
                              ASEC_PREVIOUS_REVISION_REVIEW_DATE,
                              IPC_APPROVAL_DATE,
                              IPC_APPROVAL_STATUS,
                              IPC_PREVIOUS_REVISION_DATE,
                              IPC_PREVIOUS_REVISION_REVIEW_DATE,
                              REVISION_PROCESS_NOTES) VALUES 
                              (7, 7, NULL, 'No', NULL, NULL, NULL, NULL, NULL, NULL, NULL, NULL, NULL, NULL);

INSERT INTO REVISION_PROCESS (REVISION_PROCESS_ID,
                              REVISION_ID,
                              BOT_APPROVAL_DATE,
                              BOT_APPROVAL_STATUS,
                              BOT_PREVIOUS_APPROVAL_DATE,
                              ASEC_APPROVAL_DATE,
                              ASEC_APPROVAL_STATUS,
                              ASEC_PREVIOUS_REVISION_DATE,
                              ASEC_PREVIOUS_REVISION_REVIEW_DATE,
                              IPC_APPROVAL_DATE,
                              IPC_APPROVAL_STATUS,
                              IPC_PREVIOUS_REVISION_DATE,
                              IPC_PREVIOUS_REVISION_REVIEW_DATE,
                              REVISION_PROCESS_NOTES) VALUES 
                              (8, 8, NULL, 'No', NULL, NULL, NULL, NULL, NULL, NULL, NULL, NULL, NULL, NULL);

INSERT INTO REVISION_PROCESS (REVISION_PROCESS_ID,
                              REVISION_ID,
                              BOT_APPROVAL_DATE,
                              BOT_APPROVAL_STATUS,
                              BOT_PREVIOUS_APPROVAL_DATE,
                              ASEC_APPROVAL_DATE,
                              ASEC_APPROVAL_STATUS,
                              ASEC_PREVIOUS_REVISION_DATE,
                              ASEC_PREVIOUS_REVISION_REVIEW_DATE,
                              IPC_APPROVAL_DATE,
                              IPC_APPROVAL_STATUS,
                              IPC_PREVIOUS_REVISION_DATE,
                              IPC_PREVIOUS_REVISION_REVIEW_DATE,
                              REVISION_PROCESS_NOTES) VALUES 
                              (9, 9, '2022-02-08', 'Yes', NULL, NULL, NULL, NULL, NULL, NULL, NULL, NULL, NULL, NULL);

INSERT INTO REVISION_PROCESS (REVISION_PROCESS_ID,
                              REVISION_ID,
                              BOT_APPROVAL_DATE,
                              BOT_APPROVAL_STATUS,
                              BOT_PREVIOUS_APPROVAL_DATE,
                              ASEC_APPROVAL_DATE,
                              ASEC_APPROVAL_STATUS,
                              ASEC_PREVIOUS_REVISION_DATE,
                              ASEC_PREVIOUS_REVISION_REVIEW_DATE,
                              IPC_APPROVAL_DATE,
                              IPC_APPROVAL_STATUS,
                              IPC_PREVIOUS_REVISION_DATE,
                              IPC_PREVIOUS_REVISION_REVIEW_DATE,
                              REVISION_PROCESS_NOTES) VALUES 
                              (10, 10, '2022-02-08', 'Yes', NULL, NULL, NULL, NULL, NULL, NULL, NULL, NULL, NULL, NULL);

INSERT INTO REVISION_PROCESS (REVISION_PROCESS_ID,
                              REVISION_ID,
                              BOT_APPROVAL_DATE,
                              BOT_APPROVAL_STATUS,
                              BOT_PREVIOUS_APPROVAL_DATE,
                              ASEC_APPROVAL_DATE,
                              ASEC_APPROVAL_STATUS,
                              ASEC_PREVIOUS_REVISION_DATE,
                              ASEC_PREVIOUS_REVISION_REVIEW_DATE,
                              IPC_APPROVAL_DATE,
                              IPC_APPROVAL_STATUS,
                              IPC_PREVIOUS_REVISION_DATE,
                              IPC_PREVIOUS_REVISION_REVIEW_DATE,
                              REVISION_PROCESS_NOTES) VALUES 
                              (11, 11, '2022-02-08', 'Yes', NULL, NULL, NULL, NULL, NULL, NULL, NULL, NULL, NULL, NULL);

INSERT INTO REVISION_PROCESS (REVISION_PROCESS_ID,
                              REVISION_ID,
                              BOT_APPROVAL_DATE,
                              BOT_APPROVAL_STATUS,
                              BOT_PREVIOUS_APPROVAL_DATE,
                              ASEC_APPROVAL_DATE,
                              ASEC_APPROVAL_STATUS,
                              ASEC_PREVIOUS_REVISION_DATE,
                              ASEC_PREVIOUS_REVISION_REVIEW_DATE,
                              IPC_APPROVAL_DATE,
                              IPC_APPROVAL_STATUS,
                              IPC_PREVIOUS_REVISION_DATE,
                              IPC_PREVIOUS_REVISION_REVIEW_DATE,
                              REVISION_PROCESS_NOTES) VALUES 
                              (12, 12, '2022-02-08', 'Yes', NULL, NULL, NULL, NULL, NULL, NULL, NULL, NULL, NULL, NULL);

INSERT INTO REVISION_PROCESS (REVISION_PROCESS_ID,
                              REVISION_ID,
                              BOT_APPROVAL_DATE,
                              BOT_APPROVAL_STATUS,
                              BOT_PREVIOUS_APPROVAL_DATE,
                              ASEC_APPROVAL_DATE,
                              ASEC_APPROVAL_STATUS,
                              ASEC_PREVIOUS_REVISION_DATE,
                              ASEC_PREVIOUS_REVISION_REVIEW_DATE,
                              IPC_APPROVAL_DATE,
                              IPC_APPROVAL_STATUS,
                              IPC_PREVIOUS_REVISION_DATE,
                              IPC_PREVIOUS_REVISION_REVIEW_DATE,
                              REVISION_PROCESS_NOTES) VALUES 
                              (13, 13, '2022-02-08', 'Yes', NULL, NULL, NULL, NULL, NULL, NULL, NULL, NULL, NULL, NULL);

INSERT INTO REVISION_PROCESS (REVISION_PROCESS_ID,
                              REVISION_ID,
                              BOT_APPROVAL_DATE,
                              BOT_APPROVAL_STATUS,
                              BOT_PREVIOUS_APPROVAL_DATE,
                              ASEC_APPROVAL_DATE,
                              ASEC_APPROVAL_STATUS,
                              ASEC_PREVIOUS_REVISION_DATE,
                              ASEC_PREVIOUS_REVISION_REVIEW_DATE,
                              IPC_APPROVAL_DATE,
                              IPC_APPROVAL_STATUS,
                              IPC_PREVIOUS_REVISION_DATE,
                              IPC_PREVIOUS_REVISION_REVIEW_DATE,
                              REVISION_PROCESS_NOTES) VALUES 
                              (14, 14, '2022-02-08', 'Yes', NULL, NULL, NULL, NULL, NULL, NULL, NULL, NULL, NULL, NULL);

INSERT INTO REVISION_PROCESS (REVISION_PROCESS_ID,
                              REVISION_ID,
                              BOT_APPROVAL_DATE,
                              BOT_APPROVAL_STATUS,
                              BOT_PREVIOUS_APPROVAL_DATE,
                              ASEC_APPROVAL_DATE,
                              ASEC_APPROVAL_STATUS,
                              ASEC_PREVIOUS_REVISION_DATE,
                              ASEC_PREVIOUS_REVISION_REVIEW_DATE,
                              IPC_APPROVAL_DATE,
                              IPC_APPROVAL_STATUS,
                              IPC_PREVIOUS_REVISION_DATE,
                              IPC_PREVIOUS_REVISION_REVIEW_DATE,
                              REVISION_PROCESS_NOTES) VALUES 
                              (15, 15, '2022-02-08', 'Yes', NULL, NULL, NULL, NULL, NULL, NULL, NULL, NULL, NULL, NULL);

INSERT INTO REVISION_PROCESS (REVISION_PROCESS_ID,
                              REVISION_ID,
                              BOT_APPROVAL_DATE,
                              BOT_APPROVAL_STATUS,
                              BOT_PREVIOUS_APPROVAL_DATE,
                              ASEC_APPROVAL_DATE,
                              ASEC_APPROVAL_STATUS,
                              ASEC_PREVIOUS_REVISION_DATE,
                              ASEC_PREVIOUS_REVISION_REVIEW_DATE,
                              IPC_APPROVAL_DATE,
                              IPC_APPROVAL_STATUS,
                              IPC_PREVIOUS_REVISION_DATE,
                              IPC_PREVIOUS_REVISION_REVIEW_DATE,
                              REVISION_PROCESS_NOTES) VALUES 
                              (16, 16, '2022-02-08', 'Yes', NULL, NULL, NULL, NULL, NULL, NULL, NULL, NULL, NULL, NULL);

INSERT INTO REVISION_PROCESS (REVISION_PROCESS_ID,
                              REVISION_ID,
                              BOT_APPROVAL_DATE,
                              BOT_APPROVAL_STATUS,
                              BOT_PREVIOUS_APPROVAL_DATE,
                              ASEC_APPROVAL_DATE,
                              ASEC_APPROVAL_STATUS,
                              ASEC_PREVIOUS_REVISION_DATE,
                              ASEC_PREVIOUS_REVISION_REVIEW_DATE,
                              IPC_APPROVAL_DATE,
                              IPC_APPROVAL_STATUS,
                              IPC_PREVIOUS_REVISION_DATE,
                              IPC_PREVIOUS_REVISION_REVIEW_DATE,
                              REVISION_PROCESS_NOTES) VALUES 
                              (17, 17, '2022-02-08', 'Yes', NULL, NULL, NULL, NULL, NULL, NULL, NULL, NULL, NULL, NULL);

INSERT INTO REVISION_PROCESS (REVISION_PROCESS_ID,
                              REVISION_ID,
                              BOT_APPROVAL_DATE,
                              BOT_APPROVAL_STATUS,
                              BOT_PREVIOUS_APPROVAL_DATE,
                              ASEC_APPROVAL_DATE,
                              ASEC_APPROVAL_STATUS,
                              ASEC_PREVIOUS_REVISION_DATE,
                              ASEC_PREVIOUS_REVISION_REVIEW_DATE,
                              IPC_APPROVAL_DATE,
                              IPC_APPROVAL_STATUS,
                              IPC_PREVIOUS_REVISION_DATE,
                              IPC_PREVIOUS_REVISION_REVIEW_DATE,
                              REVISION_PROCESS_NOTES) VALUES 
                              (18, 18, '2022-02-08', 'Yes', NULL, NULL, NULL, NULL, NULL, NULL, NULL, NULL, NULL, NULL);

INSERT INTO REVISION_PROCESS (REVISION_PROCESS_ID,
                              REVISION_ID,
                              BOT_APPROVAL_DATE,
                              BOT_APPROVAL_STATUS,
                              BOT_PREVIOUS_APPROVAL_DATE,
                              ASEC_APPROVAL_DATE,
                              ASEC_APPROVAL_STATUS,
                              ASEC_PREVIOUS_REVISION_DATE,
                              ASEC_PREVIOUS_REVISION_REVIEW_DATE,
                              IPC_APPROVAL_DATE,
                              IPC_APPROVAL_STATUS,
                              IPC_PREVIOUS_REVISION_DATE,
                              IPC_PREVIOUS_REVISION_REVIEW_DATE,
                              REVISION_PROCESS_NOTES) VALUES 
                              (19, 19, '2022-04-12', 'Yes', NULL, NULL, NULL, NULL, NULL, NULL, NULL, NULL, NULL, NULL);

INSERT INTO REVISION_PROCESS (REVISION_PROCESS_ID,
                              REVISION_ID,
                              BOT_APPROVAL_DATE,
                              BOT_APPROVAL_STATUS,
                              BOT_PREVIOUS_APPROVAL_DATE,
                              ASEC_APPROVAL_DATE,
                              ASEC_APPROVAL_STATUS,
                              ASEC_PREVIOUS_REVISION_DATE,
                              ASEC_PREVIOUS_REVISION_REVIEW_DATE,
                              IPC_APPROVAL_DATE,
                              IPC_APPROVAL_STATUS,
                              IPC_PREVIOUS_REVISION_DATE,
                              IPC_PREVIOUS_REVISION_REVIEW_DATE,
                              REVISION_PROCESS_NOTES) VALUES 
                              (20, 20, '2022-04-12', 'Yes', NULL, NULL, NULL, NULL, NULL, NULL, NULL, NULL, NULL, NULL);

INSERT INTO REVISION_PROCESS (REVISION_PROCESS_ID,
                              REVISION_ID,
                              BOT_APPROVAL_DATE,
                              BOT_APPROVAL_STATUS,
                              BOT_PREVIOUS_APPROVAL_DATE,
                              ASEC_APPROVAL_DATE,
                              ASEC_APPROVAL_STATUS,
                              ASEC_PREVIOUS_REVISION_DATE,
                              ASEC_PREVIOUS_REVISION_REVIEW_DATE,
                              IPC_APPROVAL_DATE,
                              IPC_APPROVAL_STATUS,
                              IPC_PREVIOUS_REVISION_DATE,
                              IPC_PREVIOUS_REVISION_REVIEW_DATE,
                              REVISION_PROCESS_NOTES) VALUES 
                              (21, 21, '2022-04-12', 'Yes', NULL, NULL, NULL, NULL, NULL, NULL, NULL, NULL, NULL, NULL);

INSERT INTO REVISION_PROCESS (REVISION_PROCESS_ID,
                              REVISION_ID,
                              BOT_APPROVAL_DATE,
                              BOT_APPROVAL_STATUS,
                              BOT_PREVIOUS_APPROVAL_DATE,
                              ASEC_APPROVAL_DATE,
                              ASEC_APPROVAL_STATUS,
                              ASEC_PREVIOUS_REVISION_DATE,
                              ASEC_PREVIOUS_REVISION_REVIEW_DATE,
                              IPC_APPROVAL_DATE,
                              IPC_APPROVAL_STATUS,
                              IPC_PREVIOUS_REVISION_DATE,
                              IPC_PREVIOUS_REVISION_REVIEW_DATE,
                              REVISION_PROCESS_NOTES) VALUES 
                              (22, 22, '2022-04-12', 'Yes', NULL, NULL, NULL, NULL, NULL, NULL, NULL, NULL, NULL, NULL);

INSERT INTO REVISION_PROCESS (REVISION_PROCESS_ID,
                              REVISION_ID,
                              BOT_APPROVAL_DATE,
                              BOT_APPROVAL_STATUS,
                              BOT_PREVIOUS_APPROVAL_DATE,
                              ASEC_APPROVAL_DATE,
                              ASEC_APPROVAL_STATUS,
                              ASEC_PREVIOUS_REVISION_DATE,
                              ASEC_PREVIOUS_REVISION_REVIEW_DATE,
                              IPC_APPROVAL_DATE,
                              IPC_APPROVAL_STATUS,
                              IPC_PREVIOUS_REVISION_DATE,
                              IPC_PREVIOUS_REVISION_REVIEW_DATE,
                              REVISION_PROCESS_NOTES) VALUES 
                              (23, 23, '2022-04-12', 'Yes', NULL, NULL, NULL, NULL, NULL, NULL, NULL, NULL, NULL, NULL);

INSERT INTO REVISION_PROCESS (REVISION_PROCESS_ID,
                              REVISION_ID,
                              BOT_APPROVAL_DATE,
                              BOT_APPROVAL_STATUS,
                              BOT_PREVIOUS_APPROVAL_DATE,
                              ASEC_APPROVAL_DATE,
                              ASEC_APPROVAL_STATUS,
                              ASEC_PREVIOUS_REVISION_DATE,
                              ASEC_PREVIOUS_REVISION_REVIEW_DATE,
                              IPC_APPROVAL_DATE,
                              IPC_APPROVAL_STATUS,
                              IPC_PREVIOUS_REVISION_DATE,
                              IPC_PREVIOUS_REVISION_REVIEW_DATE,
                              REVISION_PROCESS_NOTES) VALUES 
                              (24, 24, NULL, 'No', NULL, NULL, NULL, NULL, NULL, NULL, NULL, NULL, NULL, NULL);